<?xml version="1.0" encoding="UTF-8" standalone="yes"?><dispatchDataResponse xmlns:gco="http://www.isotc211.org/2005/gco" xmlns:swe="http://www.opengis.net/swe/2.0" xmlns:xlink="http://www.w3.org/1999/xlink" xmlns:gldcommon="http://www.broservices.nl/xsd/gldcommon/1.0" xmlns:brocom="http://www.broservices.nl/xsd/brocommon/3.0" xmlns:gmd="http://www.isotc211.org/2005/gmd" xmlns:gml="http://www.opengis.net/gml/3.2" xmlns:om="http://www.opengis.net/om/2.0" xmlns:waterml="http://www.opengis.net/waterml/2.0" xmlns="http://www.broservices.nl/xsd/dsgld/1.0"><brocom:responseType>dispatch</brocom:responseType><brocom:requestReference>uitgifteloket</brocom:requestReference><brocom:dispatchTime>2025-02-11T13:20:02+01:00</brocom:dispatchTime><dispatchDocument><GLD_O gml:id="BRO_0004"><brocom:broId>GLD000000060546</brocom:broId><brocom:deliveryAccountableParty>50200097</brocom:deliveryAccountableParty><brocom:qualityRegime>IMBRO/A</brocom:qualityRegime><registrationHistory><brocom:objectRegistrationTime>2024-07-23T21:46:09+02:00</brocom:objectRegistrationTime><brocom:registrationStatus codeSpace="urn:bro:RegistrationStatus">aangevuld</brocom:registrationStatus><brocom:latestAdditionTime>2024-07-24T13:21:25+02:00</brocom:latestAdditionTime><brocom:corrected>nee</brocom:corrected><brocom:underReview>nee</brocom:underReview><brocom:deregistered>nee</brocom:deregistered><brocom:reregistered>nee</brocom:reregistered></registrationHistory><researchFirstDate>1977-04-07</researchFirstDate><researchLastDate>1979-11-26</researchLastDate><monitoringPoint><gldcommon:GroundwaterMonitoringTube gml:id="BRO_0001"><gldcommon:broId>GMW000000025279</gldcommon:broId><gldcommon:tubeNumber>1</gldcommon:tubeNumber></gldcommon:GroundwaterMonitoringTube></monitoringPoint><observation><om:OM_Observation gml:id="OBS_DINO_RO_Alle"><om:type xlink:href="http://www.opengis.net/def/observationType/waterml/2.0/MeasurementTimeseriesTVPObservation"/><om:metadata><waterml:ObservationMetadata><gmd:contact><gmd:CI_ResponsibleParty><gmd:organisationName><gco:CharacterString></gco:CharacterString></gmd:organisationName><gmd:role><gmd:CI_RoleCode codeList="urn:ISO:19115:CI_RoleCode" codeListValue="principalInvestigator">principalInvestigator</gmd:CI_RoleCode></gmd:role></gmd:CI_ResponsibleParty></gmd:contact><gmd:dateStamp><gco:Date>1979-11-26</gco:Date></gmd:dateStamp><gmd:identificationInfo gco:nilReason="unknown"/><waterml:status xlink:href="urn:bro:gld:StatusCode:onbekend"/><waterml:parameter><om:NamedValue><om:name xlink:href="urn:bro:gld:ObservationMetadata:observationType"/><om:value xmlns:xsi="http://www.w3.org/2001/XMLSchema-instance" xsi:type="gml:CodeWithAuthorityType" codeSpace="urn:bro:gld:ObservationType">reguliereMeting</om:value></om:NamedValue></waterml:parameter></waterml:ObservationMetadata></om:metadata><om:phenomenonTime><gml:TimePeriod gml:id="BRO_0002"><gml:beginPosition>1977-04-07</gml:beginPosition><gml:endPosition>1979-11-26</gml:endPosition></gml:TimePeriod></om:phenomenonTime><om:resultTime xlink:type="simple"><gml:TimeInstant gml:id="BRO_0003"><gml:timePosition>1979-11-26T12:00:00+01:00</gml:timePosition></gml:TimeInstant></om:resultTime><om:procedure><waterml:ObservationProcess gml:id="OPR_RO_Alle"><waterml:processType xlink:href="http://www.opengis.net/def/waterml/2.0/processType/Algorithm"/><waterml:processReference xlink:href="urn:bro:gld:ProcessReference:onbekend"/><waterml:parameter><om:NamedValue><om:name xlink:href="urn:bro:gld:ObservationProcess:evaluationProcedure"/><om:value xmlns:xsi="http://www.w3.org/2001/XMLSchema-instance" xsi:type="gml:CodeWithAuthorityType" codeSpace="urn:bro:gld:EvaluationProcedure">onbekend</om:value></om:NamedValue></waterml:parameter><waterml:parameter><om:NamedValue><om:name xlink:href="urn:bro:gld:ObservationProcess:measurementInstrumentType"/><om:value xmlns:xsi="http://www.w3.org/2001/XMLSchema-instance" xsi:type="gml:CodeWithAuthorityType" codeSpace="urn:bro:gld:MeasurementInstrumentType">onbekend</om:value></om:NamedValue></waterml:parameter></waterml:ObservationProcess></om:procedure><om:observedProperty/><om:featureOfInterest/><om:result><waterml:MeasurementTimeseries gml:id="TMR_RO_Alle"><waterml:point><waterml:MeasurementTVP><waterml:time>1977-04-07T13:00:00+02:00</waterml:time><waterml:value uom="m">7.860</waterml:value><waterml:metadata><waterml:TVPMeasurementMetadata><waterml:qualifier><swe:Category><swe:codeSpace xlink:href="urn:bro:gld:StatusQualityControl"/><swe:value>onbekend</swe:value></swe:Category></waterml:qualifier><waterml:interpolationType xlink:href="http://www.opengis.net/def/waterml/2.0/interpolationType/Discontinuous"/></waterml:TVPMeasurementMetadata></waterml:metadata></waterml:MeasurementTVP></waterml:point><waterml:point><waterml:MeasurementTVP><waterml:time>1977-04-22T13:00:00+02:00</waterml:time><waterml:value uom="m">7.940</waterml:value><waterml:metadata><waterml:TVPMeasurementMetadata><waterml:qualifier><swe:Category><swe:codeSpace xlink:href="urn:bro:gld:StatusQualityControl"/><swe:value>onbekend</swe:value></swe:Category></waterml:qualifier><waterml:interpolationType xlink:href="http://www.opengis.net/def/waterml/2.0/interpolationType/Discontinuous"/></waterml:TVPMeasurementMetadata></waterml:metadata></waterml:MeasurementTVP></waterml:point><waterml:point><waterml:MeasurementTVP><waterml:time>1977-05-09T13:00:00+02:00</waterml:time><waterml:value uom="m">7.920</waterml:value><waterml:metadata><waterml:TVPMeasurementMetadata><waterml:qualifier><swe:Category><swe:codeSpace xlink:href="urn:bro:gld:StatusQualityControl"/><swe:value>onbekend</swe:value></swe:Category></waterml:qualifier><waterml:interpolationType xlink:href="http://www.opengis.net/def/waterml/2.0/interpolationType/Discontinuous"/></waterml:TVPMeasurementMetadata></waterml:metadata></waterml:MeasurementTVP></waterml:point><waterml:point><waterml:MeasurementTVP><waterml:time>1977-05-23T13:00:00+02:00</waterml:time><waterml:value uom="m">7.910</waterml:value><waterml:metadata><waterml:TVPMeasurementMetadata><waterml:qualifier><swe:Category><swe:codeSpace xlink:href="urn:bro:gld:StatusQualityControl"/><swe:value>onbekend</swe:value></swe:Category></waterml:qualifier><waterml:interpolationType xlink:href="http://www.opengis.net/def/waterml/2.0/interpolationType/Discontinuous"/></waterml:TVPMeasurementMetadata></waterml:metadata></waterml:MeasurementTVP></waterml:point><waterml:point><waterml:MeasurementTVP><waterml:time>1977-05-31T13:00:00+02:00</waterml:time><waterml:value uom="m">7.700</waterml:value><waterml:metadata><waterml:TVPMeasurementMetadata><waterml:qualifier><swe:Category><swe:codeSpace xlink:href="urn:bro:gld:StatusQualityControl"/><swe:value>onbekend</swe:value></swe:Category></waterml:qualifier><waterml:interpolationType xlink:href="http://www.opengis.net/def/waterml/2.0/interpolationType/Discontinuous"/></waterml:TVPMeasurementMetadata></waterml:metadata></waterml:MeasurementTVP></waterml:point><waterml:point><waterml:MeasurementTVP><waterml:time>1977-06-23T13:00:00+02:00</waterml:time><waterml:value uom="m">7.670</waterml:value><waterml:metadata><waterml:TVPMeasurementMetadata><waterml:qualifier><swe:Category><swe:codeSpace xlink:href="urn:bro:gld:StatusQualityControl"/><swe:value>onbekend</swe:value></swe:Category></waterml:qualifier><waterml:interpolationType xlink:href="http://www.opengis.net/def/waterml/2.0/interpolationType/Discontinuous"/></waterml:TVPMeasurementMetadata></waterml:metadata></waterml:MeasurementTVP></waterml:point><waterml:point><waterml:MeasurementTVP><waterml:time>1977-07-07T13:00:00+02:00</waterml:time><waterml:value uom="m">7.650</waterml:value><waterml:metadata><waterml:TVPMeasurementMetadata><waterml:qualifier><swe:Category><swe:codeSpace xlink:href="urn:bro:gld:StatusQualityControl"/><swe:value>onbekend</swe:value></swe:Category></waterml:qualifier><waterml:interpolationType xlink:href="http://www.opengis.net/def/waterml/2.0/interpolationType/Discontinuous"/></waterml:TVPMeasurementMetadata></waterml:metadata></waterml:MeasurementTVP></waterml:point><waterml:point><waterml:MeasurementTVP><waterml:time>1977-08-02T13:00:00+02:00</waterml:time><waterml:value uom="m">7.620</waterml:value><waterml:metadata><waterml:TVPMeasurementMetadata><waterml:qualifier><swe:Category><swe:codeSpace xlink:href="urn:bro:gld:StatusQualityControl"/><swe:value>onbekend</swe:value></swe:Category></waterml:qualifier><waterml:interpolationType xlink:href="http://www.opengis.net/def/waterml/2.0/interpolationType/Discontinuous"/></waterml:TVPMeasurementMetadata></waterml:metadata></waterml:MeasurementTVP></waterml:point><waterml:point><waterml:MeasurementTVP><waterml:time>1977-08-10T13:00:00+02:00</waterml:time><waterml:value uom="m">7.590</waterml:value><waterml:metadata><waterml:TVPMeasurementMetadata><waterml:qualifier><swe:Category><swe:codeSpace xlink:href="urn:bro:gld:StatusQualityControl"/><swe:value>onbekend</swe:value></swe:Category></waterml:qualifier><waterml:interpolationType xlink:href="http://www.opengis.net/def/waterml/2.0/interpolationType/Discontinuous"/></waterml:TVPMeasurementMetadata></waterml:metadata></waterml:MeasurementTVP></waterml:point><waterml:point><waterml:MeasurementTVP><waterml:time>1977-08-22T13:00:00+02:00</waterml:time><waterml:value uom="m">7.740</waterml:value><waterml:metadata><waterml:TVPMeasurementMetadata><waterml:qualifier><swe:Category><swe:codeSpace xlink:href="urn:bro:gld:StatusQualityControl"/><swe:value>onbekend</swe:value></swe:Category></waterml:qualifier><waterml:interpolationType xlink:href="http://www.opengis.net/def/waterml/2.0/interpolationType/Discontinuous"/></waterml:TVPMeasurementMetadata></waterml:metadata></waterml:MeasurementTVP></waterml:point><waterml:point><waterml:MeasurementTVP><waterml:time>1977-09-09T13:00:00+02:00</waterml:time><waterml:value uom="m">7.620</waterml:value><waterml:metadata><waterml:TVPMeasurementMetadata><waterml:qualifier><swe:Category><swe:codeSpace xlink:href="urn:bro:gld:StatusQualityControl"/><swe:value>onbekend</swe:value></swe:Category></waterml:qualifier><waterml:interpolationType xlink:href="http://www.opengis.net/def/waterml/2.0/interpolationType/Discontinuous"/></waterml:TVPMeasurementMetadata></waterml:metadata></waterml:MeasurementTVP></waterml:point><waterml:point><waterml:MeasurementTVP><waterml:time>1977-10-06T12:00:00+01:00</waterml:time><waterml:value uom="m">7.650</waterml:value><waterml:metadata><waterml:TVPMeasurementMetadata><waterml:qualifier><swe:Category><swe:codeSpace xlink:href="urn:bro:gld:StatusQualityControl"/><swe:value>onbekend</swe:value></swe:Category></waterml:qualifier><waterml:interpolationType xlink:href="http://www.opengis.net/def/waterml/2.0/interpolationType/Discontinuous"/></waterml:TVPMeasurementMetadata></waterml:metadata></waterml:MeasurementTVP></waterml:point><waterml:point><waterml:MeasurementTVP><waterml:time>1977-11-11T12:00:00+01:00</waterml:time><waterml:value uom="m">7.540</waterml:value><waterml:metadata><waterml:TVPMeasurementMetadata><waterml:qualifier><swe:Category><swe:codeSpace xlink:href="urn:bro:gld:StatusQualityControl"/><swe:value>onbekend</swe:value></swe:Category></waterml:qualifier><waterml:interpolationType xlink:href="http://www.opengis.net/def/waterml/2.0/interpolationType/Discontinuous"/></waterml:TVPMeasurementMetadata></waterml:metadata></waterml:MeasurementTVP></waterml:point><waterml:point><waterml:MeasurementTVP><waterml:time>1977-11-24T12:00:00+01:00</waterml:time><waterml:value uom="m">8.090</waterml:value><waterml:metadata><waterml:TVPMeasurementMetadata><waterml:qualifier><swe:Category><swe:codeSpace xlink:href="urn:bro:gld:StatusQualityControl"/><swe:value>onbekend</swe:value></swe:Category></waterml:qualifier><waterml:interpolationType xlink:href="http://www.opengis.net/def/waterml/2.0/interpolationType/Discontinuous"/></waterml:TVPMeasurementMetadata></waterml:metadata></waterml:MeasurementTVP></waterml:point><waterml:point><waterml:MeasurementTVP><waterml:time>1977-12-08T12:00:00+01:00</waterml:time><waterml:value uom="m">8.080</waterml:value><waterml:metadata><waterml:TVPMeasurementMetadata><waterml:qualifier><swe:Category><swe:codeSpace xlink:href="urn:bro:gld:StatusQualityControl"/><swe:value>onbekend</swe:value></swe:Category></waterml:qualifier><waterml:interpolationType xlink:href="http://www.opengis.net/def/waterml/2.0/interpolationType/Discontinuous"/></waterml:TVPMeasurementMetadata></waterml:metadata></waterml:MeasurementTVP></waterml:point><waterml:point><waterml:MeasurementTVP><waterml:time>1978-01-03T12:00:00+01:00</waterml:time><waterml:value uom="m">8.120</waterml:value><waterml:metadata><waterml:TVPMeasurementMetadata><waterml:qualifier><swe:Category><swe:codeSpace xlink:href="urn:bro:gld:StatusQualityControl"/><swe:value>onbekend</swe:value></swe:Category></waterml:qualifier><waterml:interpolationType xlink:href="http://www.opengis.net/def/waterml/2.0/interpolationType/Discontinuous"/></waterml:TVPMeasurementMetadata></waterml:metadata></waterml:MeasurementTVP></waterml:point><waterml:point><waterml:MeasurementTVP><waterml:time>1978-01-25T12:00:00+01:00</waterml:time><waterml:value uom="m">8.460</waterml:value><waterml:metadata><waterml:TVPMeasurementMetadata><waterml:qualifier><swe:Category><swe:codeSpace xlink:href="urn:bro:gld:StatusQualityControl"/><swe:value>onbekend</swe:value></swe:Category></waterml:qualifier><waterml:interpolationType xlink:href="http://www.opengis.net/def/waterml/2.0/interpolationType/Discontinuous"/></waterml:TVPMeasurementMetadata></waterml:metadata></waterml:MeasurementTVP></waterml:point><waterml:point><waterml:MeasurementTVP><waterml:time>1978-02-10T12:00:00+01:00</waterml:time><waterml:value uom="m">8.410</waterml:value><waterml:metadata><waterml:TVPMeasurementMetadata><waterml:qualifier><swe:Category><swe:codeSpace xlink:href="urn:bro:gld:StatusQualityControl"/><swe:value>onbekend</swe:value></swe:Category></waterml:qualifier><waterml:interpolationType xlink:href="http://www.opengis.net/def/waterml/2.0/interpolationType/Discontinuous"/></waterml:TVPMeasurementMetadata></waterml:metadata></waterml:MeasurementTVP></waterml:point><waterml:point><waterml:MeasurementTVP><waterml:time>1978-02-21T12:00:00+01:00</waterml:time><waterml:value uom="m">8.360</waterml:value><waterml:metadata><waterml:TVPMeasurementMetadata><waterml:qualifier><swe:Category><swe:codeSpace xlink:href="urn:bro:gld:StatusQualityControl"/><swe:value>onbekend</swe:value></swe:Category></waterml:qualifier><waterml:interpolationType xlink:href="http://www.opengis.net/def/waterml/2.0/interpolationType/Discontinuous"/></waterml:TVPMeasurementMetadata></waterml:metadata></waterml:MeasurementTVP></waterml:point><waterml:point><waterml:MeasurementTVP><waterml:time>1978-03-13T12:00:00+01:00</waterml:time><waterml:value uom="m">8.380</waterml:value><waterml:metadata><waterml:TVPMeasurementMetadata><waterml:qualifier><swe:Category><swe:codeSpace xlink:href="urn:bro:gld:StatusQualityControl"/><swe:value>onbekend</swe:value></swe:Category></waterml:qualifier><waterml:interpolationType xlink:href="http://www.opengis.net/def/waterml/2.0/interpolationType/Discontinuous"/></waterml:TVPMeasurementMetadata></waterml:metadata></waterml:MeasurementTVP></waterml:point><waterml:point><waterml:MeasurementTVP><waterml:time>1978-03-23T12:00:00+01:00</waterml:time><waterml:value uom="m">8.320</waterml:value><waterml:metadata><waterml:TVPMeasurementMetadata><waterml:qualifier><swe:Category><swe:codeSpace xlink:href="urn:bro:gld:StatusQualityControl"/><swe:value>onbekend</swe:value></swe:Category></waterml:qualifier><waterml:interpolationType xlink:href="http://www.opengis.net/def/waterml/2.0/interpolationType/Discontinuous"/></waterml:TVPMeasurementMetadata></waterml:metadata></waterml:MeasurementTVP></waterml:point><waterml:point><waterml:MeasurementTVP><waterml:time>1978-04-10T13:00:00+02:00</waterml:time><waterml:value uom="m">8.450</waterml:value><waterml:metadata><waterml:TVPMeasurementMetadata><waterml:qualifier><swe:Category><swe:codeSpace xlink:href="urn:bro:gld:StatusQualityControl"/><swe:value>onbekend</swe:value></swe:Category></waterml:qualifier><waterml:interpolationType xlink:href="http://www.opengis.net/def/waterml/2.0/interpolationType/Discontinuous"/></waterml:TVPMeasurementMetadata></waterml:metadata></waterml:MeasurementTVP></waterml:point><waterml:point><waterml:MeasurementTVP><waterml:time>1978-04-25T13:00:00+02:00</waterml:time><waterml:value uom="m">8.240</waterml:value><waterml:metadata><waterml:TVPMeasurementMetadata><waterml:qualifier><swe:Category><swe:codeSpace xlink:href="urn:bro:gld:StatusQualityControl"/><swe:value>onbekend</swe:value></swe:Category></waterml:qualifier><waterml:interpolationType xlink:href="http://www.opengis.net/def/waterml/2.0/interpolationType/Discontinuous"/></waterml:TVPMeasurementMetadata></waterml:metadata></waterml:MeasurementTVP></waterml:point><waterml:point><waterml:MeasurementTVP><waterml:time>1978-05-10T13:00:00+02:00</waterml:time><waterml:value uom="m">8.440</waterml:value><waterml:metadata><waterml:TVPMeasurementMetadata><waterml:qualifier><swe:Category><swe:codeSpace xlink:href="urn:bro:gld:StatusQualityControl"/><swe:value>onbekend</swe:value></swe:Category></waterml:qualifier><waterml:interpolationType xlink:href="http://www.opengis.net/def/waterml/2.0/interpolationType/Discontinuous"/></waterml:TVPMeasurementMetadata></waterml:metadata></waterml:MeasurementTVP></waterml:point><waterml:point><waterml:MeasurementTVP><waterml:time>1978-05-17T13:00:00+02:00</waterml:time><waterml:value uom="m">8.160</waterml:value><waterml:metadata><waterml:TVPMeasurementMetadata><waterml:qualifier><swe:Category><swe:codeSpace xlink:href="urn:bro:gld:StatusQualityControl"/><swe:value>onbekend</swe:value></swe:Category></waterml:qualifier><waterml:interpolationType xlink:href="http://www.opengis.net/def/waterml/2.0/interpolationType/Discontinuous"/></waterml:TVPMeasurementMetadata></waterml:metadata></waterml:MeasurementTVP></waterml:point><waterml:point><waterml:MeasurementTVP><waterml:time>1978-05-24T13:00:00+02:00</waterml:time><waterml:value uom="m">8.130</waterml:value><waterml:metadata><waterml:TVPMeasurementMetadata><waterml:qualifier><swe:Category><swe:codeSpace xlink:href="urn:bro:gld:StatusQualityControl"/><swe:value>onbekend</swe:value></swe:Category></waterml:qualifier><waterml:interpolationType xlink:href="http://www.opengis.net/def/waterml/2.0/interpolationType/Discontinuous"/></waterml:TVPMeasurementMetadata></waterml:metadata></waterml:MeasurementTVP></waterml:point><waterml:point><waterml:MeasurementTVP><waterml:time>1978-05-31T13:00:00+02:00</waterml:time><waterml:value uom="m">8.270</waterml:value><waterml:metadata><waterml:TVPMeasurementMetadata><waterml:qualifier><swe:Category><swe:codeSpace xlink:href="urn:bro:gld:StatusQualityControl"/><swe:value>onbekend</swe:value></swe:Category></waterml:qualifier><waterml:interpolationType xlink:href="http://www.opengis.net/def/waterml/2.0/interpolationType/Discontinuous"/></waterml:TVPMeasurementMetadata></waterml:metadata></waterml:MeasurementTVP></waterml:point><waterml:point><waterml:MeasurementTVP><waterml:time>1978-06-07T13:00:00+02:00</waterml:time><waterml:value uom="m">8.110</waterml:value><waterml:metadata><waterml:TVPMeasurementMetadata><waterml:qualifier><swe:Category><swe:codeSpace xlink:href="urn:bro:gld:StatusQualityControl"/><swe:value>onbekend</swe:value></swe:Category></waterml:qualifier><waterml:interpolationType xlink:href="http://www.opengis.net/def/waterml/2.0/interpolationType/Discontinuous"/></waterml:TVPMeasurementMetadata></waterml:metadata></waterml:MeasurementTVP></waterml:point><waterml:point><waterml:MeasurementTVP><waterml:time>1978-06-13T13:00:00+02:00</waterml:time><waterml:value uom="m">8.020</waterml:value><waterml:metadata><waterml:TVPMeasurementMetadata><waterml:qualifier><swe:Category><swe:codeSpace xlink:href="urn:bro:gld:StatusQualityControl"/><swe:value>onbekend</swe:value></swe:Category></waterml:qualifier><waterml:interpolationType xlink:href="http://www.opengis.net/def/waterml/2.0/interpolationType/Discontinuous"/></waterml:TVPMeasurementMetadata></waterml:metadata></waterml:MeasurementTVP></waterml:point><waterml:point><waterml:MeasurementTVP><waterml:time>1978-06-21T13:00:00+02:00</waterml:time><waterml:value uom="m">7.900</waterml:value><waterml:metadata><waterml:TVPMeasurementMetadata><waterml:qualifier><swe:Category><swe:codeSpace xlink:href="urn:bro:gld:StatusQualityControl"/><swe:value>onbekend</swe:value></swe:Category></waterml:qualifier><waterml:interpolationType xlink:href="http://www.opengis.net/def/waterml/2.0/interpolationType/Discontinuous"/></waterml:TVPMeasurementMetadata></waterml:metadata></waterml:MeasurementTVP></waterml:point><waterml:point><waterml:MeasurementTVP><waterml:time>1978-06-27T13:00:00+02:00</waterml:time><waterml:value uom="m">8.010</waterml:value><waterml:metadata><waterml:TVPMeasurementMetadata><waterml:qualifier><swe:Category><swe:codeSpace xlink:href="urn:bro:gld:StatusQualityControl"/><swe:value>onbekend</swe:value></swe:Category></waterml:qualifier><waterml:interpolationType xlink:href="http://www.opengis.net/def/waterml/2.0/interpolationType/Discontinuous"/></waterml:TVPMeasurementMetadata></waterml:metadata></waterml:MeasurementTVP></waterml:point><waterml:point><waterml:MeasurementTVP><waterml:time>1978-09-08T13:00:00+02:00</waterml:time><waterml:value uom="m">8.120</waterml:value><waterml:metadata><waterml:TVPMeasurementMetadata><waterml:qualifier><swe:Category><swe:codeSpace xlink:href="urn:bro:gld:StatusQualityControl"/><swe:value>onbekend</swe:value></swe:Category></waterml:qualifier><waterml:interpolationType xlink:href="http://www.opengis.net/def/waterml/2.0/interpolationType/Discontinuous"/></waterml:TVPMeasurementMetadata></waterml:metadata></waterml:MeasurementTVP></waterml:point><waterml:point><waterml:MeasurementTVP><waterml:time>1978-09-22T13:00:00+02:00</waterml:time><waterml:value uom="m">8.110</waterml:value><waterml:metadata><waterml:TVPMeasurementMetadata><waterml:qualifier><swe:Category><swe:codeSpace xlink:href="urn:bro:gld:StatusQualityControl"/><swe:value>onbekend</swe:value></swe:Category></waterml:qualifier><waterml:interpolationType xlink:href="http://www.opengis.net/def/waterml/2.0/interpolationType/Discontinuous"/></waterml:TVPMeasurementMetadata></waterml:metadata></waterml:MeasurementTVP></waterml:point><waterml:point><waterml:MeasurementTVP><waterml:time>1978-10-08T12:00:00+01:00</waterml:time><waterml:value uom="m">8.000</waterml:value><waterml:metadata><waterml:TVPMeasurementMetadata><waterml:qualifier><swe:Category><swe:codeSpace xlink:href="urn:bro:gld:StatusQualityControl"/><swe:value>onbekend</swe:value></swe:Category></waterml:qualifier><waterml:interpolationType xlink:href="http://www.opengis.net/def/waterml/2.0/interpolationType/Discontinuous"/></waterml:TVPMeasurementMetadata></waterml:metadata></waterml:MeasurementTVP></waterml:point><waterml:point><waterml:MeasurementTVP><waterml:time>1978-11-02T12:00:00+01:00</waterml:time><waterml:value uom="m">7.920</waterml:value><waterml:metadata><waterml:TVPMeasurementMetadata><waterml:qualifier><swe:Category><swe:codeSpace xlink:href="urn:bro:gld:StatusQualityControl"/><swe:value>onbekend</swe:value></swe:Category></waterml:qualifier><waterml:interpolationType xlink:href="http://www.opengis.net/def/waterml/2.0/interpolationType/Discontinuous"/></waterml:TVPMeasurementMetadata></waterml:metadata></waterml:MeasurementTVP></waterml:point><waterml:point><waterml:MeasurementTVP><waterml:time>1978-11-08T12:00:00+01:00</waterml:time><waterml:value uom="m">8.070</waterml:value><waterml:metadata><waterml:TVPMeasurementMetadata><waterml:qualifier><swe:Category><swe:codeSpace xlink:href="urn:bro:gld:StatusQualityControl"/><swe:value>onbekend</swe:value></swe:Category></waterml:qualifier><waterml:interpolationType xlink:href="http://www.opengis.net/def/waterml/2.0/interpolationType/Discontinuous"/></waterml:TVPMeasurementMetadata></waterml:metadata></waterml:MeasurementTVP></waterml:point><waterml:point><waterml:MeasurementTVP><waterml:time>1978-11-24T12:00:00+01:00</waterml:time><waterml:value uom="m">8.010</waterml:value><waterml:metadata><waterml:TVPMeasurementMetadata><waterml:qualifier><swe:Category><swe:codeSpace xlink:href="urn:bro:gld:StatusQualityControl"/><swe:value>onbekend</swe:value></swe:Category></waterml:qualifier><waterml:interpolationType xlink:href="http://www.opengis.net/def/waterml/2.0/interpolationType/Discontinuous"/></waterml:TVPMeasurementMetadata></waterml:metadata></waterml:MeasurementTVP></waterml:point><waterml:point><waterml:MeasurementTVP><waterml:time>1978-12-17T12:00:00+01:00</waterml:time><waterml:value uom="m">7.940</waterml:value><waterml:metadata><waterml:TVPMeasurementMetadata><waterml:qualifier><swe:Category><swe:codeSpace xlink:href="urn:bro:gld:StatusQualityControl"/><swe:value>onbekend</swe:value></swe:Category></waterml:qualifier><waterml:interpolationType xlink:href="http://www.opengis.net/def/waterml/2.0/interpolationType/Discontinuous"/></waterml:TVPMeasurementMetadata></waterml:metadata></waterml:MeasurementTVP></waterml:point><waterml:point><waterml:MeasurementTVP><waterml:time>1978-12-21T12:00:00+01:00</waterml:time><waterml:value uom="m">8.120</waterml:value><waterml:metadata><waterml:TVPMeasurementMetadata><waterml:qualifier><swe:Category><swe:codeSpace xlink:href="urn:bro:gld:StatusQualityControl"/><swe:value>onbekend</swe:value></swe:Category></waterml:qualifier><waterml:interpolationType xlink:href="http://www.opengis.net/def/waterml/2.0/interpolationType/Discontinuous"/></waterml:TVPMeasurementMetadata></waterml:metadata></waterml:MeasurementTVP></waterml:point><waterml:point><waterml:MeasurementTVP><waterml:time>1979-04-05T13:00:00+02:00</waterml:time><waterml:value uom="m">8.120</waterml:value><waterml:metadata><waterml:TVPMeasurementMetadata><waterml:qualifier><swe:Category><swe:codeSpace xlink:href="urn:bro:gld:StatusQualityControl"/><swe:value>onbekend</swe:value></swe:Category></waterml:qualifier><waterml:interpolationType xlink:href="http://www.opengis.net/def/waterml/2.0/interpolationType/Discontinuous"/></waterml:TVPMeasurementMetadata></waterml:metadata></waterml:MeasurementTVP></waterml:point><waterml:point><waterml:MeasurementTVP><waterml:time>1979-04-19T13:00:00+02:00</waterml:time><waterml:value uom="m">8.090</waterml:value><waterml:metadata><waterml:TVPMeasurementMetadata><waterml:qualifier><swe:Category><swe:codeSpace xlink:href="urn:bro:gld:StatusQualityControl"/><swe:value>onbekend</swe:value></swe:Category></waterml:qualifier><waterml:interpolationType xlink:href="http://www.opengis.net/def/waterml/2.0/interpolationType/Discontinuous"/></waterml:TVPMeasurementMetadata></waterml:metadata></waterml:MeasurementTVP></waterml:point><waterml:point><waterml:MeasurementTVP><waterml:time>1979-05-02T13:00:00+02:00</waterml:time><waterml:value uom="m">8.140</waterml:value><waterml:metadata><waterml:TVPMeasurementMetadata><waterml:qualifier><swe:Category><swe:codeSpace xlink:href="urn:bro:gld:StatusQualityControl"/><swe:value>onbekend</swe:value></swe:Category></waterml:qualifier><waterml:interpolationType xlink:href="http://www.opengis.net/def/waterml/2.0/interpolationType/Discontinuous"/></waterml:TVPMeasurementMetadata></waterml:metadata></waterml:MeasurementTVP></waterml:point><waterml:point><waterml:MeasurementTVP><waterml:time>1979-05-18T13:00:00+02:00</waterml:time><waterml:value uom="m">7.910</waterml:value><waterml:metadata><waterml:TVPMeasurementMetadata><waterml:qualifier><swe:Category><swe:codeSpace xlink:href="urn:bro:gld:StatusQualityControl"/><swe:value>onbekend</swe:value></swe:Category></waterml:qualifier><waterml:interpolationType xlink:href="http://www.opengis.net/def/waterml/2.0/interpolationType/Discontinuous"/></waterml:TVPMeasurementMetadata></waterml:metadata></waterml:MeasurementTVP></waterml:point><waterml:point><waterml:MeasurementTVP><waterml:time>1979-06-07T13:00:00+02:00</waterml:time><waterml:value uom="m">7.850</waterml:value><waterml:metadata><waterml:TVPMeasurementMetadata><waterml:qualifier><swe:Category><swe:codeSpace xlink:href="urn:bro:gld:StatusQualityControl"/><swe:value>onbekend</swe:value></swe:Category></waterml:qualifier><waterml:interpolationType xlink:href="http://www.opengis.net/def/waterml/2.0/interpolationType/Discontinuous"/></waterml:TVPMeasurementMetadata></waterml:metadata></waterml:MeasurementTVP></waterml:point><waterml:point><waterml:MeasurementTVP><waterml:time>1979-06-21T13:00:00+02:00</waterml:time><waterml:value uom="m">7.690</waterml:value><waterml:metadata><waterml:TVPMeasurementMetadata><waterml:qualifier><swe:Category><swe:codeSpace xlink:href="urn:bro:gld:StatusQualityControl"/><swe:value>onbekend</swe:value></swe:Category></waterml:qualifier><waterml:interpolationType xlink:href="http://www.opengis.net/def/waterml/2.0/interpolationType/Discontinuous"/></waterml:TVPMeasurementMetadata></waterml:metadata></waterml:MeasurementTVP></waterml:point><waterml:point><waterml:MeasurementTVP><waterml:time>1979-07-09T13:00:00+02:00</waterml:time><waterml:value uom="m">7.660</waterml:value><waterml:metadata><waterml:TVPMeasurementMetadata><waterml:qualifier><swe:Category><swe:codeSpace xlink:href="urn:bro:gld:StatusQualityControl"/><swe:value>onbekend</swe:value></swe:Category></waterml:qualifier><waterml:interpolationType xlink:href="http://www.opengis.net/def/waterml/2.0/interpolationType/Discontinuous"/></waterml:TVPMeasurementMetadata></waterml:metadata></waterml:MeasurementTVP></waterml:point><waterml:point><waterml:MeasurementTVP><waterml:time>1979-07-16T13:00:00+02:00</waterml:time><waterml:value uom="m">7.630</waterml:value><waterml:metadata><waterml:TVPMeasurementMetadata><waterml:qualifier><swe:Category><swe:codeSpace xlink:href="urn:bro:gld:StatusQualityControl"/><swe:value>onbekend</swe:value></swe:Category></waterml:qualifier><waterml:interpolationType xlink:href="http://www.opengis.net/def/waterml/2.0/interpolationType/Discontinuous"/></waterml:TVPMeasurementMetadata></waterml:metadata></waterml:MeasurementTVP></waterml:point><waterml:point><waterml:MeasurementTVP><waterml:time>1979-08-30T13:00:00+02:00</waterml:time><waterml:value uom="m">7.570</waterml:value><waterml:metadata><waterml:TVPMeasurementMetadata><waterml:qualifier><swe:Category><swe:codeSpace xlink:href="urn:bro:gld:StatusQualityControl"/><swe:value>onbekend</swe:value></swe:Category></waterml:qualifier><waterml:interpolationType xlink:href="http://www.opengis.net/def/waterml/2.0/interpolationType/Discontinuous"/></waterml:TVPMeasurementMetadata></waterml:metadata></waterml:MeasurementTVP></waterml:point><waterml:point><waterml:MeasurementTVP><waterml:time>1979-09-20T13:00:00+02:00</waterml:time><waterml:value uom="m">7.480</waterml:value><waterml:metadata><waterml:TVPMeasurementMetadata><waterml:qualifier><swe:Category><swe:codeSpace xlink:href="urn:bro:gld:StatusQualityControl"/><swe:value>onbekend</swe:value></swe:Category></waterml:qualifier><waterml:interpolationType xlink:href="http://www.opengis.net/def/waterml/2.0/interpolationType/Discontinuous"/></waterml:TVPMeasurementMetadata></waterml:metadata></waterml:MeasurementTVP></waterml:point><waterml:point><waterml:MeasurementTVP><waterml:time>1979-10-11T12:00:00+01:00</waterml:time><waterml:value uom="m">7.310</waterml:value><waterml:metadata><waterml:TVPMeasurementMetadata><waterml:qualifier><swe:Category><swe:codeSpace xlink:href="urn:bro:gld:StatusQualityControl"/><swe:value>onbekend</swe:value></swe:Category></waterml:qualifier><waterml:interpolationType xlink:href="http://www.opengis.net/def/waterml/2.0/interpolationType/Discontinuous"/></waterml:TVPMeasurementMetadata></waterml:metadata></waterml:MeasurementTVP></waterml:point><waterml:point><waterml:MeasurementTVP><waterml:time>1979-10-24T12:00:00+01:00</waterml:time><waterml:value uom="m">7.280</waterml:value><waterml:metadata><waterml:TVPMeasurementMetadata><waterml:qualifier><swe:Category><swe:codeSpace xlink:href="urn:bro:gld:StatusQualityControl"/><swe:value>onbekend</swe:value></swe:Category></waterml:qualifier><waterml:interpolationType xlink:href="http://www.opengis.net/def/waterml/2.0/interpolationType/Discontinuous"/></waterml:TVPMeasurementMetadata></waterml:metadata></waterml:MeasurementTVP></waterml:point><waterml:point><waterml:MeasurementTVP><waterml:time>1979-11-26T12:00:00+01:00</waterml:time><waterml:value uom="m">7.610</waterml:value><waterml:metadata><waterml:TVPMeasurementMetadata><waterml:qualifier><swe:Category><swe:codeSpace xlink:href="urn:bro:gld:StatusQualityControl"/><swe:value>onbekend</swe:value></swe:Category></waterml:qualifier><waterml:interpolationType xlink:href="http://www.opengis.net/def/waterml/2.0/interpolationType/Discontinuous"/></waterml:TVPMeasurementMetadata></waterml:metadata></waterml:MeasurementTVP></waterml:point></waterml:MeasurementTimeseries></om:result></om:OM_Observation></observation></GLD_O></dispatchDocument></dispatchDataResponse>