<?xml version="1.0" encoding="UTF-8" standalone="yes"?><dispatchDataResponse xmlns:gco="http://www.isotc211.org/2005/gco" xmlns:swe="http://www.opengis.net/swe/2.0" xmlns:xlink="http://www.w3.org/1999/xlink" xmlns:gldcommon="http://www.broservices.nl/xsd/gldcommon/1.0" xmlns:brocom="http://www.broservices.nl/xsd/brocommon/3.0" xmlns:gmd="http://www.isotc211.org/2005/gmd" xmlns:gml="http://www.opengis.net/gml/3.2" xmlns:om="http://www.opengis.net/om/2.0" xmlns:waterml="http://www.opengis.net/waterml/2.0" xmlns="http://www.broservices.nl/xsd/dsgld/1.0"><brocom:responseType>dispatch</brocom:responseType><brocom:requestReference>uitgifteloket</brocom:requestReference><brocom:dispatchTime>2025-02-11T13:19:20+01:00</brocom:dispatchTime><dispatchDocument><GLD_O gml:id="BRO_0002"><brocom:broId>GLD000000078563</brocom:broId><brocom:deliveryAccountableParty>50200097</brocom:deliveryAccountableParty><brocom:qualityRegime>IMBRO/A</brocom:qualityRegime><registrationHistory><brocom:objectRegistrationTime>2025-02-09T22:25:41+01:00</brocom:objectRegistrationTime><brocom:registrationStatus codeSpace="urn:bro:RegistrationStatus">geregistreerd</brocom:registrationStatus><brocom:corrected>nee</brocom:corrected><brocom:underReview>nee</brocom:underReview><brocom:deregistered>nee</brocom:deregistered><brocom:reregistered>nee</brocom:reregistered></registrationHistory><monitoringPoint><gldcommon:GroundwaterMonitoringTube gml:id="BRO_0001"><gldcommon:broId>GMW000000072788</gldcommon:broId><gldcommon:tubeNumber>1</gldcommon:tubeNumber></gldcommon:GroundwaterMonitoringTube></monitoringPoint></GLD_O></dispatchDocument></dispatchDataResponse>