<?xml version="1.0" encoding="UTF-8" standalone="yes"?><dispatchDataResponse xmlns:xlink="http://www.w3.org/1999/xlink" xmlns:brocom="http://www.broservices.nl/xsd/brocommon/3.0" xmlns:gmwcommon="http://www.broservices.nl/xsd/gmwcommon/1.1" xmlns:gml="http://www.opengis.net/gml/3.2" xmlns="http://www.broservices.nl/xsd/dsgmw/1.1"><brocom:responseType>dispatch</brocom:responseType><brocom:requestReference>uitgifteloket</brocom:requestReference><brocom:dispatchTime>2025-02-11T13:20:04+01:00</brocom:dispatchTime><dispatchDocument><GMW_PPO gml:id="BRO_0003"><brocom:broId>GMW000000072788</brocom:broId><brocom:deliveryAccountableParty>50200097</brocom:deliveryAccountableParty><brocom:qualityRegime>IMBRO/A</brocom:qualityRegime><withPrehistory>ja</withPrehistory><deliveryContext codeSpace="urn:bro:gmw:DeliveryContext">archiefoverdracht</deliveryContext><constructionStandard codeSpace="urn:bro:gmw:ConstructionStandard">onbekend</constructionStandard><initialFunction codeSpace="urn:bro:gmw:InitialFunction">stand</initialFunction><removed>nee</removed><numberOfMonitoringTubes>3</numberOfMonitoringTubes><groundLevelStable>ja</groundLevelStable><nitgCode>B22D0296</nitgCode><wellCode>GMW22D000296</wellCode><owner>30263544</owner><wellHeadProtector codeSpace="urn:bro:gmw:WellHeadProtector">onbekend</wellHeadProtector><deliveredLocation><gmwcommon:location srsName="urn:ogc:def:crs:EPSG::28992" gml:id="BRO_0001"><gml:pos>232490.000 501470.000</gml:pos></gmwcommon:location><gmwcommon:horizontalPositioningMethod codeSpace="urn:bro:gmw:HorizontalPositioningMethod">onbekend</gmwcommon:horizontalPositioningMethod></deliveredLocation><deliveredVerticalPosition><gmwcommon:localVerticalReferencePoint codeSpace="urn:bro:gmw:LocalVerticalReferencePoint">NAP</gmwcommon:localVerticalReferencePoint><gmwcommon:offset uom="m">0.000</gmwcommon:offset><gmwcommon:verticalDatum codeSpace="urn:bro:gmw:VerticalDatum">NAP</gmwcommon:verticalDatum><gmwcommon:groundLevelPosition uom="m">8.150</gmwcommon:groundLevelPosition><gmwcommon:groundLevelPositioningMethod codeSpace="urn:bro:gmw:GroundLevelPositioningMethod">onbekend</gmwcommon:groundLevelPositioningMethod></deliveredVerticalPosition><standardizedLocation><brocom:location srsName="urn:ogc:def:crs:EPSG::4258" gml:id="BRO_0002"><gml:pos>52.495436838 6.528277749</gml:pos></brocom:location><brocom:coordinateTransformation codeSpace="urn:bro:CoordinateTransformation">RDNAPTRANS2018</brocom:coordinateTransformation></standardizedLocation><registrationHistory><brocom:objectRegistrationTime>2023-03-07T00:46:40+01:00</brocom:objectRegistrationTime><brocom:registrationStatus codeSpace="urn:bro:RegistrationStatus">geregistreerd</brocom:registrationStatus><brocom:corrected>nee</brocom:corrected><brocom:underReview>nee</brocom:underReview><brocom:deregistered>nee</brocom:deregistered><brocom:reregistered>nee</brocom:reregistered></registrationHistory><wellHistory><wellConstructionDate><brocom:date>1981-08-26</brocom:date></wellConstructionDate></wellHistory><monitoringTube><tubeNumber>1</tubeNumber><tubeType codeSpace="urn:bro:gmw:TubeType">standaardbuis</tubeType><artesianWellCapPresent>onbekend</artesianWellCapPresent><sedimentSumpPresent>onbekend</sedimentSumpPresent><numberOfGeoOhmCables>0</numberOfGeoOhmCables><tubeTopDiameter uom="mm">20</tubeTopDiameter><variableDiameter>onbekend</variableDiameter><tubeStatus codeSpace="urn:bro:gmw:TubeStatus">onbekend</tubeStatus><tubeTopPosition uom="m">8.110</tubeTopPosition><tubeTopPositioningMethod codeSpace="urn:bro:gmw:TubeTopPositioningMethod">onbekend</tubeTopPositioningMethod><tubePartInserted>nee</tubePartInserted><tubeInUse>onbekend</tubeInUse><materialUsed><gmwcommon:tubePackingMaterial codeSpace="urn:bro:gmw:TubePackingMaterial">onbekend</gmwcommon:tubePackingMaterial><gmwcommon:tubeMaterial codeSpace="urn:bro:gmw:TubeMaterial">pvc</gmwcommon:tubeMaterial><gmwcommon:glue codeSpace="urn:bro:gmw:Glue">onbekend</gmwcommon:glue></materialUsed><screen><screenLength uom="m">0.200</screenLength><sockMaterial codeSpace="urn:bro:gmw:SockMaterial">onbekend</sockMaterial><screenTopPosition uom="m">6.310</screenTopPosition><screenBottomPosition uom="m">6.110</screenBottomPosition></screen><plainTubePart><gmwcommon:plainTubePartLength uom="m">1.800</gmwcommon:plainTubePartLength></plainTubePart></monitoringTube><monitoringTube><tubeNumber>2</tubeNumber><tubeType codeSpace="urn:bro:gmw:TubeType">standaardbuis</tubeType><artesianWellCapPresent>onbekend</artesianWellCapPresent><sedimentSumpPresent>onbekend</sedimentSumpPresent><numberOfGeoOhmCables>0</numberOfGeoOhmCables><tubeTopDiameter uom="mm">20</tubeTopDiameter><variableDiameter>onbekend</variableDiameter><tubeStatus codeSpace="urn:bro:gmw:TubeStatus">onbekend</tubeStatus><tubeTopPosition uom="m">8.560</tubeTopPosition><tubeTopPositioningMethod codeSpace="urn:bro:gmw:TubeTopPositioningMethod">onbekend</tubeTopPositioningMethod><tubePartInserted>nee</tubePartInserted><tubeInUse>onbekend</tubeInUse><materialUsed><gmwcommon:tubePackingMaterial codeSpace="urn:bro:gmw:TubePackingMaterial">onbekend</gmwcommon:tubePackingMaterial><gmwcommon:tubeMaterial codeSpace="urn:bro:gmw:TubeMaterial">pvc</gmwcommon:tubeMaterial><gmwcommon:glue codeSpace="urn:bro:gmw:Glue">onbekend</gmwcommon:glue></materialUsed><screen><screenLength uom="m">0.300</screenLength><sockMaterial codeSpace="urn:bro:gmw:SockMaterial">onbekend</sockMaterial><screenTopPosition uom="m">6.360</screenTopPosition><screenBottomPosition uom="m">6.060</screenBottomPosition></screen><plainTubePart><gmwcommon:plainTubePartLength uom="m">2.200</gmwcommon:plainTubePartLength></plainTubePart></monitoringTube><monitoringTube><tubeNumber>3</tubeNumber><tubeType codeSpace="urn:bro:gmw:TubeType">standaardbuis</tubeType><artesianWellCapPresent>onbekend</artesianWellCapPresent><sedimentSumpPresent>onbekend</sedimentSumpPresent><numberOfGeoOhmCables>0</numberOfGeoOhmCables><tubeTopDiameter uom="mm">20</tubeTopDiameter><variableDiameter>onbekend</variableDiameter><tubeStatus codeSpace="urn:bro:gmw:TubeStatus">onbekend</tubeStatus><tubeTopPosition uom="m">8.530</tubeTopPosition><tubeTopPositioningMethod codeSpace="urn:bro:gmw:TubeTopPositioningMethod">onbekend</tubeTopPositioningMethod><tubePartInserted>nee</tubePartInserted><tubeInUse>onbekend</tubeInUse><materialUsed><gmwcommon:tubePackingMaterial codeSpace="urn:bro:gmw:TubePackingMaterial">onbekend</gmwcommon:tubePackingMaterial><gmwcommon:tubeMaterial codeSpace="urn:bro:gmw:TubeMaterial">pvc</gmwcommon:tubeMaterial><gmwcommon:glue codeSpace="urn:bro:gmw:Glue">onbekend</gmwcommon:glue></materialUsed><screen><screenLength uom="m">0.300</screenLength><sockMaterial codeSpace="urn:bro:gmw:SockMaterial">onbekend</sockMaterial><screenTopPosition uom="m">6.330</screenTopPosition><screenBottomPosition uom="m">6.030</screenBottomPosition></screen><plainTubePart><gmwcommon:plainTubePartLength uom="m">2.200</gmwcommon:plainTubePartLength></plainTubePart></monitoringTube></GMW_PPO></dispatchDocument></dispatchDataResponse>