<?xml version="1.0" encoding="UTF-8" standalone="yes"?><dispatchDataResponse xmlns:xlink="http://www.w3.org/1999/xlink" xmlns:brocom="http://www.broservices.nl/xsd/brocommon/3.0" xmlns:gmwcommon="http://www.broservices.nl/xsd/gmwcommon/1.1" xmlns:gml="http://www.opengis.net/gml/3.2" xmlns="http://www.broservices.nl/xsd/dsgmw/1.1"><brocom:responseType>dispatch</brocom:responseType><brocom:requestReference>uitgifteloket</brocom:requestReference><brocom:dispatchTime>2025-02-11T13:19:41+01:00</brocom:dispatchTime><dispatchDocument><GMW_PPO gml:id="BRO_0003"><brocom:broId>GMW000000063845</brocom:broId><brocom:deliveryAccountableParty>51048329</brocom:deliveryAccountableParty><brocom:qualityRegime>IMBRO/A</brocom:qualityRegime><withPrehistory>ja</withPrehistory><deliveryContext codeSpace="urn:bro:gmw:DeliveryContext">publiekeTaak</deliveryContext><constructionStandard codeSpace="urn:bro:gmw:ConstructionStandard">NEN5104</constructionStandard><initialFunction codeSpace="urn:bro:gmw:InitialFunction">stand</initialFunction><removed>nee</removed><numberOfMonitoringTubes>3</numberOfMonitoringTubes><groundLevelStable>nee</groundLevelStable><wellStability codeSpace="urn:bro:gmw:WellStability">stabielNAP</wellStability><nitgCode>B22D0137</nitgCode><wellCode>GMW22D000137</wellCode><owner>51048329</owner><wellHeadProtector codeSpace="urn:bro:gmw:WellHeadProtector">onbekend</wellHeadProtector><deliveredLocation><gmwcommon:location srsName="urn:ogc:def:crs:EPSG::28992" gml:id="BRO_0001"><gml:pos>233054.550 502541.330</gml:pos></gmwcommon:location><gmwcommon:horizontalPositioningMethod codeSpace="urn:bro:gmw:HorizontalPositioningMethod">DGPS50tot200cm</gmwcommon:horizontalPositioningMethod></deliveredLocation><deliveredVerticalPosition><gmwcommon:localVerticalReferencePoint codeSpace="urn:bro:gmw:LocalVerticalReferencePoint">NAP</gmwcommon:localVerticalReferencePoint><gmwcommon:offset uom="m">0.000</gmwcommon:offset><gmwcommon:verticalDatum codeSpace="urn:bro:gmw:VerticalDatum">NAP</gmwcommon:verticalDatum><gmwcommon:groundLevelPosition uom="m">8.000</gmwcommon:groundLevelPosition><gmwcommon:groundLevelPositioningMethod codeSpace="urn:bro:gmw:GroundLevelPositioningMethod">waterpassing0tot2cm</gmwcommon:groundLevelPositioningMethod></deliveredVerticalPosition><standardizedLocation><brocom:location srsName="urn:ogc:def:crs:EPSG::4258" gml:id="BRO_0002"><gml:pos>52.504983446 6.536840016</gml:pos></brocom:location><brocom:coordinateTransformation codeSpace="urn:bro:CoordinateTransformation">RDNAPTRANS2018</brocom:coordinateTransformation></standardizedLocation><registrationHistory><brocom:objectRegistrationTime>2023-01-18T12:04:03+01:00</brocom:objectRegistrationTime><brocom:registrationStatus codeSpace="urn:bro:RegistrationStatus">aangevuld</brocom:registrationStatus><brocom:latestAdditionTime>2024-09-05T06:09:28+02:00</brocom:latestAdditionTime><brocom:corrected>ja</brocom:corrected><brocom:latestCorrectionTime>2024-07-15T16:16:33+02:00</brocom:latestCorrectionTime><brocom:underReview>nee</brocom:underReview><brocom:deregistered>nee</brocom:deregistered><brocom:reregistered>nee</brocom:reregistered></registrationHistory><wellHistory><wellConstructionDate><brocom:date>1984-07-04</brocom:date></wellConstructionDate><intermediateEvent><eventName codeSpace="urn:bro:gmw:EventName">nieuweInmetingMaaiveld</eventName><eventDate><brocom:date>2014-12-02</brocom:date></eventDate><eventData><wellData><groundLevelPosition uom="m">7.980</groundLevelPosition><groundLevelPositioningMethod codeSpace="urn:bro:gmw:GroundLevelPositioningMethod">waterpassing0tot2cm</groundLevelPositioningMethod></wellData></eventData></intermediateEvent><intermediateEvent><eventName codeSpace="urn:bro:gmw:EventName">nieuweInmetingMaaiveld</eventName><eventDate><brocom:date>2023-04-23</brocom:date></eventDate><eventData><wellData><groundLevelPosition uom="m">7.980</groundLevelPosition><groundLevelPositioningMethod codeSpace="urn:bro:gmw:GroundLevelPositioningMethod">waterpassing0tot2cm</groundLevelPositioningMethod></wellData></eventData></intermediateEvent></wellHistory><monitoringTube><tubeNumber>1</tubeNumber><tubeType codeSpace="urn:bro:gmw:TubeType">standaardbuis</tubeType><artesianWellCapPresent>nee</artesianWellCapPresent><sedimentSumpPresent>nee</sedimentSumpPresent><numberOfGeoOhmCables>0</numberOfGeoOhmCables><tubeTopDiameter xmlns:xsi="http://www.w3.org/2001/XMLSchema-instance" uom="mm" xsi:nil="true"/><variableDiameter>nee</variableDiameter><tubeStatus codeSpace="urn:bro:gmw:TubeStatus">onbekend</tubeStatus><tubeTopPosition uom="m">8.440</tubeTopPosition><tubeTopPositioningMethod codeSpace="urn:bro:gmw:TubeTopPositioningMethod">waterpassing0tot2cm</tubeTopPositioningMethod><tubePartInserted>nee</tubePartInserted><tubeInUse>ja</tubeInUse><materialUsed><gmwcommon:tubePackingMaterial codeSpace="urn:bro:gmw:TubePackingMaterial">filtergrind</gmwcommon:tubePackingMaterial><gmwcommon:tubeMaterial codeSpace="urn:bro:gmw:TubeMaterial">onbekend</gmwcommon:tubeMaterial><gmwcommon:glue codeSpace="urn:bro:gmw:Glue">ongespecificeerd</gmwcommon:glue></materialUsed><screen><screenLength uom="m">1.000</screenLength><sockMaterial codeSpace="urn:bro:gmw:SockMaterial">geen</sockMaterial><screenTopPosition uom="m">-2.000</screenTopPosition><screenBottomPosition uom="m">-3.000</screenBottomPosition></screen><plainTubePart><gmwcommon:plainTubePartLength uom="m">10.440</gmwcommon:plainTubePartLength></plainTubePart></monitoringTube><monitoringTube><tubeNumber>2</tubeNumber><tubeType codeSpace="urn:bro:gmw:TubeType">standaardbuis</tubeType><artesianWellCapPresent>nee</artesianWellCapPresent><sedimentSumpPresent>nee</sedimentSumpPresent><numberOfGeoOhmCables>0</numberOfGeoOhmCables><tubeTopDiameter xmlns:xsi="http://www.w3.org/2001/XMLSchema-instance" uom="mm" xsi:nil="true"/><variableDiameter>nee</variableDiameter><tubeStatus codeSpace="urn:bro:gmw:TubeStatus">onbekend</tubeStatus><tubeTopPosition uom="m">8.430</tubeTopPosition><tubeTopPositioningMethod codeSpace="urn:bro:gmw:TubeTopPositioningMethod">waterpassing0tot2cm</tubeTopPositioningMethod><tubePartInserted>nee</tubePartInserted><tubeInUse>ja</tubeInUse><materialUsed><gmwcommon:tubePackingMaterial codeSpace="urn:bro:gmw:TubePackingMaterial">filtergrind</gmwcommon:tubePackingMaterial><gmwcommon:tubeMaterial codeSpace="urn:bro:gmw:TubeMaterial">onbekend</gmwcommon:tubeMaterial><gmwcommon:glue codeSpace="urn:bro:gmw:Glue">ongespecificeerd</gmwcommon:glue></materialUsed><screen><screenLength uom="m">1.000</screenLength><sockMaterial codeSpace="urn:bro:gmw:SockMaterial">geen</sockMaterial><screenTopPosition uom="m">-13.000</screenTopPosition><screenBottomPosition uom="m">-14.000</screenBottomPosition></screen><plainTubePart><gmwcommon:plainTubePartLength uom="m">21.430</gmwcommon:plainTubePartLength></plainTubePart></monitoringTube><monitoringTube><tubeNumber>3</tubeNumber><tubeType codeSpace="urn:bro:gmw:TubeType">standaardbuis</tubeType><artesianWellCapPresent>nee</artesianWellCapPresent><sedimentSumpPresent>nee</sedimentSumpPresent><numberOfGeoOhmCables>0</numberOfGeoOhmCables><tubeTopDiameter xmlns:xsi="http://www.w3.org/2001/XMLSchema-instance" uom="mm" xsi:nil="true"/><variableDiameter>nee</variableDiameter><tubeStatus codeSpace="urn:bro:gmw:TubeStatus">onbekend</tubeStatus><tubeTopPosition uom="m">8.381</tubeTopPosition><tubeTopPositioningMethod codeSpace="urn:bro:gmw:TubeTopPositioningMethod">waterpassing0tot2cm</tubeTopPositioningMethod><tubePartInserted>nee</tubePartInserted><tubeInUse>ja</tubeInUse><materialUsed><gmwcommon:tubePackingMaterial codeSpace="urn:bro:gmw:TubePackingMaterial">filtergrind</gmwcommon:tubePackingMaterial><gmwcommon:tubeMaterial codeSpace="urn:bro:gmw:TubeMaterial">onbekend</gmwcommon:tubeMaterial><gmwcommon:glue codeSpace="urn:bro:gmw:Glue">ongespecificeerd</gmwcommon:glue></materialUsed><screen><screenLength uom="m">1.000</screenLength><sockMaterial codeSpace="urn:bro:gmw:SockMaterial">geen</sockMaterial><screenTopPosition uom="m">-17.500</screenTopPosition><screenBottomPosition uom="m">-18.500</screenBottomPosition></screen><plainTubePart><gmwcommon:plainTubePartLength uom="m">25.881</gmwcommon:plainTubePartLength></plainTubePart></monitoringTube></GMW_PPO></dispatchDocument></dispatchDataResponse>