<?xml version="1.0" encoding="UTF-8" standalone="yes"?><dispatchDataResponse xmlns:gco="http://www.isotc211.org/2005/gco" xmlns:swe="http://www.opengis.net/swe/2.0" xmlns:xlink="http://www.w3.org/1999/xlink" xmlns:gldcommon="http://www.broservices.nl/xsd/gldcommon/1.0" xmlns:brocom="http://www.broservices.nl/xsd/brocommon/3.0" xmlns:gmd="http://www.isotc211.org/2005/gmd" xmlns:gml="http://www.opengis.net/gml/3.2" xmlns:om="http://www.opengis.net/om/2.0" xmlns:waterml="http://www.opengis.net/waterml/2.0" xmlns="http://www.broservices.nl/xsd/dsgld/1.0"><brocom:responseType>dispatch</brocom:responseType><brocom:requestReference>uitgifteloket</brocom:requestReference><brocom:dispatchTime>2025-02-11T13:18:56+01:00</brocom:dispatchTime><dispatchDocument><GLD_O gml:id="BRO_0004"><brocom:broId>GLD000000056064</brocom:broId><brocom:deliveryAccountableParty>50200097</brocom:deliveryAccountableParty><brocom:qualityRegime>IMBRO/A</brocom:qualityRegime><registrationHistory><brocom:objectRegistrationTime>2024-07-08T15:04:49+02:00</brocom:objectRegistrationTime><brocom:registrationStatus codeSpace="urn:bro:RegistrationStatus">aangevuld</brocom:registrationStatus><brocom:latestAdditionTime>2024-07-09T19:27:01+02:00</brocom:latestAdditionTime><brocom:corrected>nee</brocom:corrected><brocom:underReview>nee</brocom:underReview><brocom:deregistered>nee</brocom:deregistered><brocom:reregistered>nee</brocom:reregistered></registrationHistory><researchFirstDate>1972-10-05</researchFirstDate><researchLastDate>1974-05-22</researchLastDate><monitoringPoint><gldcommon:GroundwaterMonitoringTube gml:id="BRO_0001"><gldcommon:broId>GMW000000054035</gldcommon:broId><gldcommon:tubeNumber>1</gldcommon:tubeNumber></gldcommon:GroundwaterMonitoringTube></monitoringPoint><observation><om:OM_Observation gml:id="OBS_DINO_RO_Alle"><om:type xlink:href="http://www.opengis.net/def/observationType/waterml/2.0/MeasurementTimeseriesTVPObservation"/><om:metadata><waterml:ObservationMetadata><gmd:contact><gmd:CI_ResponsibleParty><gmd:organisationName><gco:CharacterString></gco:CharacterString></gmd:organisationName><gmd:role><gmd:CI_RoleCode codeList="urn:ISO:19115:CI_RoleCode" codeListValue="principalInvestigator">principalInvestigator</gmd:CI_RoleCode></gmd:role></gmd:CI_ResponsibleParty></gmd:contact><gmd:dateStamp><gco:Date>1974-05-22</gco:Date></gmd:dateStamp><gmd:identificationInfo gco:nilReason="unknown"/><waterml:status xlink:href="urn:bro:gld:StatusCode:onbekend"/><waterml:parameter><om:NamedValue><om:name xlink:href="urn:bro:gld:ObservationMetadata:observationType"/><om:value xmlns:xsi="http://www.w3.org/2001/XMLSchema-instance" xsi:type="gml:CodeWithAuthorityType" codeSpace="urn:bro:gld:ObservationType">reguliereMeting</om:value></om:NamedValue></waterml:parameter></waterml:ObservationMetadata></om:metadata><om:phenomenonTime><gml:TimePeriod gml:id="BRO_0002"><gml:beginPosition>1972-10-05</gml:beginPosition><gml:endPosition>1974-05-22</gml:endPosition></gml:TimePeriod></om:phenomenonTime><om:resultTime xlink:type="simple"><gml:TimeInstant gml:id="BRO_0003"><gml:timePosition>1974-05-22T12:00:00+01:00</gml:timePosition></gml:TimeInstant></om:resultTime><om:procedure><waterml:ObservationProcess gml:id="OPR_RO_Alle"><waterml:processType xlink:href="http://www.opengis.net/def/waterml/2.0/processType/Algorithm"/><waterml:processReference xlink:href="urn:bro:gld:ProcessReference:onbekend"/><waterml:parameter><om:NamedValue><om:name xlink:href="urn:bro:gld:ObservationProcess:evaluationProcedure"/><om:value xmlns:xsi="http://www.w3.org/2001/XMLSchema-instance" xsi:type="gml:CodeWithAuthorityType" codeSpace="urn:bro:gld:EvaluationProcedure">onbekend</om:value></om:NamedValue></waterml:parameter><waterml:parameter><om:NamedValue><om:name xlink:href="urn:bro:gld:ObservationProcess:measurementInstrumentType"/><om:value xmlns:xsi="http://www.w3.org/2001/XMLSchema-instance" xsi:type="gml:CodeWithAuthorityType" codeSpace="urn:bro:gld:MeasurementInstrumentType">onbekend</om:value></om:NamedValue></waterml:parameter></waterml:ObservationProcess></om:procedure><om:observedProperty/><om:featureOfInterest/><om:result><waterml:MeasurementTimeseries gml:id="TMR_RO_Alle"><waterml:point><waterml:MeasurementTVP><waterml:time>1972-10-05T12:00:00+01:00</waterml:time><waterml:value uom="m">7.200</waterml:value><waterml:metadata><waterml:TVPMeasurementMetadata><waterml:qualifier><swe:Category><swe:codeSpace xlink:href="urn:bro:gld:StatusQualityControl"/><swe:value>onbekend</swe:value></swe:Category></waterml:qualifier><waterml:interpolationType xlink:href="http://www.opengis.net/def/waterml/2.0/interpolationType/Discontinuous"/></waterml:TVPMeasurementMetadata></waterml:metadata></waterml:MeasurementTVP></waterml:point><waterml:point><waterml:MeasurementTVP><waterml:time>1972-10-12T12:00:00+01:00</waterml:time><waterml:value uom="m">7.170</waterml:value><waterml:metadata><waterml:TVPMeasurementMetadata><waterml:qualifier><swe:Category><swe:codeSpace xlink:href="urn:bro:gld:StatusQualityControl"/><swe:value>onbekend</swe:value></swe:Category></waterml:qualifier><waterml:interpolationType xlink:href="http://www.opengis.net/def/waterml/2.0/interpolationType/Discontinuous"/></waterml:TVPMeasurementMetadata></waterml:metadata></waterml:MeasurementTVP></waterml:point><waterml:point><waterml:MeasurementTVP><waterml:time>1972-11-02T12:00:00+01:00</waterml:time><waterml:value uom="m">7.110</waterml:value><waterml:metadata><waterml:TVPMeasurementMetadata><waterml:qualifier><swe:Category><swe:codeSpace xlink:href="urn:bro:gld:StatusQualityControl"/><swe:value>onbekend</swe:value></swe:Category></waterml:qualifier><waterml:interpolationType xlink:href="http://www.opengis.net/def/waterml/2.0/interpolationType/Discontinuous"/></waterml:TVPMeasurementMetadata></waterml:metadata></waterml:MeasurementTVP></waterml:point><waterml:point><waterml:MeasurementTVP><waterml:time>1972-11-16T12:00:00+01:00</waterml:time><waterml:value uom="m">7.270</waterml:value><waterml:metadata><waterml:TVPMeasurementMetadata><waterml:qualifier><swe:Category><swe:codeSpace xlink:href="urn:bro:gld:StatusQualityControl"/><swe:value>onbekend</swe:value></swe:Category></waterml:qualifier><waterml:interpolationType xlink:href="http://www.opengis.net/def/waterml/2.0/interpolationType/Discontinuous"/></waterml:TVPMeasurementMetadata></waterml:metadata></waterml:MeasurementTVP></waterml:point><waterml:point><waterml:MeasurementTVP><waterml:time>1972-11-30T12:00:00+01:00</waterml:time><waterml:value uom="m">7.330</waterml:value><waterml:metadata><waterml:TVPMeasurementMetadata><waterml:qualifier><swe:Category><swe:codeSpace xlink:href="urn:bro:gld:StatusQualityControl"/><swe:value>onbekend</swe:value></swe:Category></waterml:qualifier><waterml:interpolationType xlink:href="http://www.opengis.net/def/waterml/2.0/interpolationType/Discontinuous"/></waterml:TVPMeasurementMetadata></waterml:metadata></waterml:MeasurementTVP></waterml:point><waterml:point><waterml:MeasurementTVP><waterml:time>1972-12-14T12:00:00+01:00</waterml:time><waterml:value uom="m">7.320</waterml:value><waterml:metadata><waterml:TVPMeasurementMetadata><waterml:qualifier><swe:Category><swe:codeSpace xlink:href="urn:bro:gld:StatusQualityControl"/><swe:value>onbekend</swe:value></swe:Category></waterml:qualifier><waterml:interpolationType xlink:href="http://www.opengis.net/def/waterml/2.0/interpolationType/Discontinuous"/></waterml:TVPMeasurementMetadata></waterml:metadata></waterml:MeasurementTVP></waterml:point><waterml:point><waterml:MeasurementTVP><waterml:time>1973-01-08T12:00:00+01:00</waterml:time><waterml:value uom="m">7.300</waterml:value><waterml:metadata><waterml:TVPMeasurementMetadata><waterml:qualifier><swe:Category><swe:codeSpace xlink:href="urn:bro:gld:StatusQualityControl"/><swe:value>onbekend</swe:value></swe:Category></waterml:qualifier><waterml:interpolationType xlink:href="http://www.opengis.net/def/waterml/2.0/interpolationType/Discontinuous"/></waterml:TVPMeasurementMetadata></waterml:metadata></waterml:MeasurementTVP></waterml:point><waterml:point><waterml:MeasurementTVP><waterml:time>1973-01-15T12:00:00+01:00</waterml:time><waterml:value uom="m">7.290</waterml:value><waterml:metadata><waterml:TVPMeasurementMetadata><waterml:qualifier><swe:Category><swe:codeSpace xlink:href="urn:bro:gld:StatusQualityControl"/><swe:value>onbekend</swe:value></swe:Category></waterml:qualifier><waterml:interpolationType xlink:href="http://www.opengis.net/def/waterml/2.0/interpolationType/Discontinuous"/></waterml:TVPMeasurementMetadata></waterml:metadata></waterml:MeasurementTVP></waterml:point><waterml:point><waterml:MeasurementTVP><waterml:time>1973-01-22T12:00:00+01:00</waterml:time><waterml:value uom="m">7.280</waterml:value><waterml:metadata><waterml:TVPMeasurementMetadata><waterml:qualifier><swe:Category><swe:codeSpace xlink:href="urn:bro:gld:StatusQualityControl"/><swe:value>onbekend</swe:value></swe:Category></waterml:qualifier><waterml:interpolationType xlink:href="http://www.opengis.net/def/waterml/2.0/interpolationType/Discontinuous"/></waterml:TVPMeasurementMetadata></waterml:metadata></waterml:MeasurementTVP></waterml:point><waterml:point><waterml:MeasurementTVP><waterml:time>1973-01-29T12:00:00+01:00</waterml:time><waterml:value uom="m">7.400</waterml:value><waterml:metadata><waterml:TVPMeasurementMetadata><waterml:qualifier><swe:Category><swe:codeSpace xlink:href="urn:bro:gld:StatusQualityControl"/><swe:value>onbekend</swe:value></swe:Category></waterml:qualifier><waterml:interpolationType xlink:href="http://www.opengis.net/def/waterml/2.0/interpolationType/Discontinuous"/></waterml:TVPMeasurementMetadata></waterml:metadata></waterml:MeasurementTVP></waterml:point><waterml:point><waterml:MeasurementTVP><waterml:time>1973-02-05T12:00:00+01:00</waterml:time><waterml:value uom="m">7.510</waterml:value><waterml:metadata><waterml:TVPMeasurementMetadata><waterml:qualifier><swe:Category><swe:codeSpace xlink:href="urn:bro:gld:StatusQualityControl"/><swe:value>onbekend</swe:value></swe:Category></waterml:qualifier><waterml:interpolationType xlink:href="http://www.opengis.net/def/waterml/2.0/interpolationType/Discontinuous"/></waterml:TVPMeasurementMetadata></waterml:metadata></waterml:MeasurementTVP></waterml:point><waterml:point><waterml:MeasurementTVP><waterml:time>1973-02-13T12:00:00+01:00</waterml:time><waterml:value uom="m">7.830</waterml:value><waterml:metadata><waterml:TVPMeasurementMetadata><waterml:qualifier><swe:Category><swe:codeSpace xlink:href="urn:bro:gld:StatusQualityControl"/><swe:value>onbekend</swe:value></swe:Category></waterml:qualifier><waterml:interpolationType xlink:href="http://www.opengis.net/def/waterml/2.0/interpolationType/Discontinuous"/></waterml:TVPMeasurementMetadata></waterml:metadata></waterml:MeasurementTVP></waterml:point><waterml:point><waterml:MeasurementTVP><waterml:time>1973-02-19T12:00:00+01:00</waterml:time><waterml:value uom="m">7.790</waterml:value><waterml:metadata><waterml:TVPMeasurementMetadata><waterml:qualifier><swe:Category><swe:codeSpace xlink:href="urn:bro:gld:StatusQualityControl"/><swe:value>onbekend</swe:value></swe:Category></waterml:qualifier><waterml:interpolationType xlink:href="http://www.opengis.net/def/waterml/2.0/interpolationType/Discontinuous"/></waterml:TVPMeasurementMetadata></waterml:metadata></waterml:MeasurementTVP></waterml:point><waterml:point><waterml:MeasurementTVP><waterml:time>1973-02-26T12:00:00+01:00</waterml:time><waterml:value uom="m">7.810</waterml:value><waterml:metadata><waterml:TVPMeasurementMetadata><waterml:qualifier><swe:Category><swe:codeSpace xlink:href="urn:bro:gld:StatusQualityControl"/><swe:value>onbekend</swe:value></swe:Category></waterml:qualifier><waterml:interpolationType xlink:href="http://www.opengis.net/def/waterml/2.0/interpolationType/Discontinuous"/></waterml:TVPMeasurementMetadata></waterml:metadata></waterml:MeasurementTVP></waterml:point><waterml:point><waterml:MeasurementTVP><waterml:time>1973-03-05T12:00:00+01:00</waterml:time><waterml:value uom="m">7.570</waterml:value><waterml:metadata><waterml:TVPMeasurementMetadata><waterml:qualifier><swe:Category><swe:codeSpace xlink:href="urn:bro:gld:StatusQualityControl"/><swe:value>onbekend</swe:value></swe:Category></waterml:qualifier><waterml:interpolationType xlink:href="http://www.opengis.net/def/waterml/2.0/interpolationType/Discontinuous"/></waterml:TVPMeasurementMetadata></waterml:metadata></waterml:MeasurementTVP></waterml:point><waterml:point><waterml:MeasurementTVP><waterml:time>1973-03-12T12:00:00+01:00</waterml:time><waterml:value uom="m">6.940</waterml:value><waterml:metadata><waterml:TVPMeasurementMetadata><waterml:qualifier><swe:Category><swe:codeSpace xlink:href="urn:bro:gld:StatusQualityControl"/><swe:value>onbekend</swe:value></swe:Category></waterml:qualifier><waterml:interpolationType xlink:href="http://www.opengis.net/def/waterml/2.0/interpolationType/Discontinuous"/></waterml:TVPMeasurementMetadata></waterml:metadata></waterml:MeasurementTVP></waterml:point><waterml:point><waterml:MeasurementTVP><waterml:time>1973-03-26T12:00:00+01:00</waterml:time><waterml:value uom="m">6.850</waterml:value><waterml:metadata><waterml:TVPMeasurementMetadata><waterml:qualifier><swe:Category><swe:codeSpace xlink:href="urn:bro:gld:StatusQualityControl"/><swe:value>onbekend</swe:value></swe:Category></waterml:qualifier><waterml:interpolationType xlink:href="http://www.opengis.net/def/waterml/2.0/interpolationType/Discontinuous"/></waterml:TVPMeasurementMetadata></waterml:metadata></waterml:MeasurementTVP></waterml:point><waterml:point><waterml:MeasurementTVP><waterml:time>1973-04-05T12:00:00+01:00</waterml:time><waterml:value uom="m">6.850</waterml:value><waterml:metadata><waterml:TVPMeasurementMetadata><waterml:qualifier><swe:Category><swe:codeSpace xlink:href="urn:bro:gld:StatusQualityControl"/><swe:value>onbekend</swe:value></swe:Category></waterml:qualifier><waterml:interpolationType xlink:href="http://www.opengis.net/def/waterml/2.0/interpolationType/Discontinuous"/></waterml:TVPMeasurementMetadata></waterml:metadata></waterml:MeasurementTVP></waterml:point><waterml:point><waterml:MeasurementTVP><waterml:time>1973-04-12T12:00:00+01:00</waterml:time><waterml:value uom="m">6.950</waterml:value><waterml:metadata><waterml:TVPMeasurementMetadata><waterml:qualifier><swe:Category><swe:codeSpace xlink:href="urn:bro:gld:StatusQualityControl"/><swe:value>onbekend</swe:value></swe:Category></waterml:qualifier><waterml:interpolationType xlink:href="http://www.opengis.net/def/waterml/2.0/interpolationType/Discontinuous"/></waterml:TVPMeasurementMetadata></waterml:metadata></waterml:MeasurementTVP></waterml:point><waterml:point><waterml:MeasurementTVP><waterml:time>1973-04-19T12:00:00+01:00</waterml:time><waterml:value uom="m">6.930</waterml:value><waterml:metadata><waterml:TVPMeasurementMetadata><waterml:qualifier><swe:Category><swe:codeSpace xlink:href="urn:bro:gld:StatusQualityControl"/><swe:value>onbekend</swe:value></swe:Category></waterml:qualifier><waterml:interpolationType xlink:href="http://www.opengis.net/def/waterml/2.0/interpolationType/Discontinuous"/></waterml:TVPMeasurementMetadata></waterml:metadata></waterml:MeasurementTVP></waterml:point><waterml:point><waterml:MeasurementTVP><waterml:time>1973-05-04T12:00:00+01:00</waterml:time><waterml:value uom="m">6.790</waterml:value><waterml:metadata><waterml:TVPMeasurementMetadata><waterml:qualifier><swe:Category><swe:codeSpace xlink:href="urn:bro:gld:StatusQualityControl"/><swe:value>onbekend</swe:value></swe:Category></waterml:qualifier><waterml:interpolationType xlink:href="http://www.opengis.net/def/waterml/2.0/interpolationType/Discontinuous"/></waterml:TVPMeasurementMetadata></waterml:metadata></waterml:MeasurementTVP></waterml:point><waterml:point><waterml:MeasurementTVP><waterml:time>1973-05-09T12:00:00+01:00</waterml:time><waterml:value uom="m">6.760</waterml:value><waterml:metadata><waterml:TVPMeasurementMetadata><waterml:qualifier><swe:Category><swe:codeSpace xlink:href="urn:bro:gld:StatusQualityControl"/><swe:value>onbekend</swe:value></swe:Category></waterml:qualifier><waterml:interpolationType xlink:href="http://www.opengis.net/def/waterml/2.0/interpolationType/Discontinuous"/></waterml:TVPMeasurementMetadata></waterml:metadata></waterml:MeasurementTVP></waterml:point><waterml:point><waterml:MeasurementTVP><waterml:time>1973-05-18T12:00:00+01:00</waterml:time><waterml:value uom="m">6.740</waterml:value><waterml:metadata><waterml:TVPMeasurementMetadata><waterml:qualifier><swe:Category><swe:codeSpace xlink:href="urn:bro:gld:StatusQualityControl"/><swe:value>onbekend</swe:value></swe:Category></waterml:qualifier><waterml:interpolationType xlink:href="http://www.opengis.net/def/waterml/2.0/interpolationType/Discontinuous"/></waterml:TVPMeasurementMetadata></waterml:metadata></waterml:MeasurementTVP></waterml:point><waterml:point><waterml:MeasurementTVP><waterml:time>1973-06-01T12:00:00+01:00</waterml:time><waterml:value uom="m">6.720</waterml:value><waterml:metadata><waterml:TVPMeasurementMetadata><waterml:qualifier><swe:Category><swe:codeSpace xlink:href="urn:bro:gld:StatusQualityControl"/><swe:value>onbekend</swe:value></swe:Category></waterml:qualifier><waterml:interpolationType xlink:href="http://www.opengis.net/def/waterml/2.0/interpolationType/Discontinuous"/></waterml:TVPMeasurementMetadata></waterml:metadata></waterml:MeasurementTVP></waterml:point><waterml:point><waterml:MeasurementTVP><waterml:time>1973-06-07T12:00:00+01:00</waterml:time><waterml:value uom="m">6.710</waterml:value><waterml:metadata><waterml:TVPMeasurementMetadata><waterml:qualifier><swe:Category><swe:codeSpace xlink:href="urn:bro:gld:StatusQualityControl"/><swe:value>onbekend</swe:value></swe:Category></waterml:qualifier><waterml:interpolationType xlink:href="http://www.opengis.net/def/waterml/2.0/interpolationType/Discontinuous"/></waterml:TVPMeasurementMetadata></waterml:metadata></waterml:MeasurementTVP></waterml:point><waterml:point><waterml:MeasurementTVP><waterml:time>1973-06-19T12:00:00+01:00</waterml:time><waterml:value xmlns:xsi="http://www.w3.org/2001/XMLSchema-instance" xsi:nil="true"/><waterml:metadata><waterml:TVPMeasurementMetadata><waterml:qualifier><swe:Category><swe:codeSpace xlink:href="urn:bro:gld:StatusQualityControl"/><swe:value>onbekend</swe:value></swe:Category></waterml:qualifier><waterml:qualifier><swe:Quantity definition="urn:bro:gld:PointMetadata:censoringLimitvalue"><swe:uom code="m"/></swe:Quantity></waterml:qualifier><waterml:interpolationType xlink:href="http://www.opengis.net/def/waterml/2.0/interpolationType/Discontinuous"/><waterml:censoredReason xlink:href="http://www.opengis.net/def/nil/OGC/0/BelowDetectionRange"/></waterml:TVPMeasurementMetadata></waterml:metadata></waterml:MeasurementTVP></waterml:point><waterml:point><waterml:MeasurementTVP><waterml:time>1973-10-04T12:00:00+01:00</waterml:time><waterml:value xmlns:xsi="http://www.w3.org/2001/XMLSchema-instance" xsi:nil="true"/><waterml:metadata><waterml:TVPMeasurementMetadata><waterml:qualifier><swe:Category><swe:codeSpace xlink:href="urn:bro:gld:StatusQualityControl"/><swe:value>onbekend</swe:value></swe:Category></waterml:qualifier><waterml:qualifier><swe:Quantity definition="urn:bro:gld:PointMetadata:censoringLimitvalue"><swe:uom code="m"/></swe:Quantity></waterml:qualifier><waterml:interpolationType xlink:href="http://www.opengis.net/def/waterml/2.0/interpolationType/Discontinuous"/><waterml:censoredReason xlink:href="http://www.opengis.net/def/nil/OGC/0/BelowDetectionRange"/></waterml:TVPMeasurementMetadata></waterml:metadata></waterml:MeasurementTVP></waterml:point><waterml:point><waterml:MeasurementTVP><waterml:time>1973-10-15T12:00:00+01:00</waterml:time><waterml:value uom="m">6.820</waterml:value><waterml:metadata><waterml:TVPMeasurementMetadata><waterml:qualifier><swe:Category><swe:codeSpace xlink:href="urn:bro:gld:StatusQualityControl"/><swe:value>onbekend</swe:value></swe:Category></waterml:qualifier><waterml:interpolationType xlink:href="http://www.opengis.net/def/waterml/2.0/interpolationType/Discontinuous"/></waterml:TVPMeasurementMetadata></waterml:metadata></waterml:MeasurementTVP></waterml:point><waterml:point><waterml:MeasurementTVP><waterml:time>1973-10-26T12:00:00+01:00</waterml:time><waterml:value uom="m">6.920</waterml:value><waterml:metadata><waterml:TVPMeasurementMetadata><waterml:qualifier><swe:Category><swe:codeSpace xlink:href="urn:bro:gld:StatusQualityControl"/><swe:value>onbekend</swe:value></swe:Category></waterml:qualifier><waterml:interpolationType xlink:href="http://www.opengis.net/def/waterml/2.0/interpolationType/Discontinuous"/></waterml:TVPMeasurementMetadata></waterml:metadata></waterml:MeasurementTVP></waterml:point><waterml:point><waterml:MeasurementTVP><waterml:time>1973-11-08T12:00:00+01:00</waterml:time><waterml:value uom="m">6.960</waterml:value><waterml:metadata><waterml:TVPMeasurementMetadata><waterml:qualifier><swe:Category><swe:codeSpace xlink:href="urn:bro:gld:StatusQualityControl"/><swe:value>onbekend</swe:value></swe:Category></waterml:qualifier><waterml:interpolationType xlink:href="http://www.opengis.net/def/waterml/2.0/interpolationType/Discontinuous"/></waterml:TVPMeasurementMetadata></waterml:metadata></waterml:MeasurementTVP></waterml:point><waterml:point><waterml:MeasurementTVP><waterml:time>1973-11-23T12:00:00+01:00</waterml:time><waterml:value uom="m">7.000</waterml:value><waterml:metadata><waterml:TVPMeasurementMetadata><waterml:qualifier><swe:Category><swe:codeSpace xlink:href="urn:bro:gld:StatusQualityControl"/><swe:value>onbekend</swe:value></swe:Category></waterml:qualifier><waterml:interpolationType xlink:href="http://www.opengis.net/def/waterml/2.0/interpolationType/Discontinuous"/></waterml:TVPMeasurementMetadata></waterml:metadata></waterml:MeasurementTVP></waterml:point><waterml:point><waterml:MeasurementTVP><waterml:time>1973-11-30T12:00:00+01:00</waterml:time><waterml:value uom="m">6.990</waterml:value><waterml:metadata><waterml:TVPMeasurementMetadata><waterml:qualifier><swe:Category><swe:codeSpace xlink:href="urn:bro:gld:StatusQualityControl"/><swe:value>onbekend</swe:value></swe:Category></waterml:qualifier><waterml:interpolationType xlink:href="http://www.opengis.net/def/waterml/2.0/interpolationType/Discontinuous"/></waterml:TVPMeasurementMetadata></waterml:metadata></waterml:MeasurementTVP></waterml:point><waterml:point><waterml:MeasurementTVP><waterml:time>1973-12-07T12:00:00+01:00</waterml:time><waterml:value uom="m">7.010</waterml:value><waterml:metadata><waterml:TVPMeasurementMetadata><waterml:qualifier><swe:Category><swe:codeSpace xlink:href="urn:bro:gld:StatusQualityControl"/><swe:value>onbekend</swe:value></swe:Category></waterml:qualifier><waterml:interpolationType xlink:href="http://www.opengis.net/def/waterml/2.0/interpolationType/Discontinuous"/></waterml:TVPMeasurementMetadata></waterml:metadata></waterml:MeasurementTVP></waterml:point><waterml:point><waterml:MeasurementTVP><waterml:time>1973-12-12T12:00:00+01:00</waterml:time><waterml:value uom="m">7.260</waterml:value><waterml:metadata><waterml:TVPMeasurementMetadata><waterml:qualifier><swe:Category><swe:codeSpace xlink:href="urn:bro:gld:StatusQualityControl"/><swe:value>onbekend</swe:value></swe:Category></waterml:qualifier><waterml:interpolationType xlink:href="http://www.opengis.net/def/waterml/2.0/interpolationType/Discontinuous"/></waterml:TVPMeasurementMetadata></waterml:metadata></waterml:MeasurementTVP></waterml:point><waterml:point><waterml:MeasurementTVP><waterml:time>1974-01-03T12:00:00+01:00</waterml:time><waterml:value uom="m">7.070</waterml:value><waterml:metadata><waterml:TVPMeasurementMetadata><waterml:qualifier><swe:Category><swe:codeSpace xlink:href="urn:bro:gld:StatusQualityControl"/><swe:value>onbekend</swe:value></swe:Category></waterml:qualifier><waterml:interpolationType xlink:href="http://www.opengis.net/def/waterml/2.0/interpolationType/Discontinuous"/></waterml:TVPMeasurementMetadata></waterml:metadata></waterml:MeasurementTVP></waterml:point><waterml:point><waterml:MeasurementTVP><waterml:time>1974-01-09T12:00:00+01:00</waterml:time><waterml:value uom="m">7.190</waterml:value><waterml:metadata><waterml:TVPMeasurementMetadata><waterml:qualifier><swe:Category><swe:codeSpace xlink:href="urn:bro:gld:StatusQualityControl"/><swe:value>onbekend</swe:value></swe:Category></waterml:qualifier><waterml:interpolationType xlink:href="http://www.opengis.net/def/waterml/2.0/interpolationType/Discontinuous"/></waterml:TVPMeasurementMetadata></waterml:metadata></waterml:MeasurementTVP></waterml:point><waterml:point><waterml:MeasurementTVP><waterml:time>1974-01-18T12:00:00+01:00</waterml:time><waterml:value uom="m">7.280</waterml:value><waterml:metadata><waterml:TVPMeasurementMetadata><waterml:qualifier><swe:Category><swe:codeSpace xlink:href="urn:bro:gld:StatusQualityControl"/><swe:value>onbekend</swe:value></swe:Category></waterml:qualifier><waterml:interpolationType xlink:href="http://www.opengis.net/def/waterml/2.0/interpolationType/Discontinuous"/></waterml:TVPMeasurementMetadata></waterml:metadata></waterml:MeasurementTVP></waterml:point><waterml:point><waterml:MeasurementTVP><waterml:time>1974-03-01T12:00:00+01:00</waterml:time><waterml:value uom="m">7.120</waterml:value><waterml:metadata><waterml:TVPMeasurementMetadata><waterml:qualifier><swe:Category><swe:codeSpace xlink:href="urn:bro:gld:StatusQualityControl"/><swe:value>onbekend</swe:value></swe:Category></waterml:qualifier><waterml:interpolationType xlink:href="http://www.opengis.net/def/waterml/2.0/interpolationType/Discontinuous"/></waterml:TVPMeasurementMetadata></waterml:metadata></waterml:MeasurementTVP></waterml:point><waterml:point><waterml:MeasurementTVP><waterml:time>1974-03-14T12:00:00+01:00</waterml:time><waterml:value uom="m">7.070</waterml:value><waterml:metadata><waterml:TVPMeasurementMetadata><waterml:qualifier><swe:Category><swe:codeSpace xlink:href="urn:bro:gld:StatusQualityControl"/><swe:value>onbekend</swe:value></swe:Category></waterml:qualifier><waterml:interpolationType xlink:href="http://www.opengis.net/def/waterml/2.0/interpolationType/Discontinuous"/></waterml:TVPMeasurementMetadata></waterml:metadata></waterml:MeasurementTVP></waterml:point><waterml:point><waterml:MeasurementTVP><waterml:time>1974-03-21T12:00:00+01:00</waterml:time><waterml:value uom="m">7.150</waterml:value><waterml:metadata><waterml:TVPMeasurementMetadata><waterml:qualifier><swe:Category><swe:codeSpace xlink:href="urn:bro:gld:StatusQualityControl"/><swe:value>onbekend</swe:value></swe:Category></waterml:qualifier><waterml:interpolationType xlink:href="http://www.opengis.net/def/waterml/2.0/interpolationType/Discontinuous"/></waterml:TVPMeasurementMetadata></waterml:metadata></waterml:MeasurementTVP></waterml:point><waterml:point><waterml:MeasurementTVP><waterml:time>1974-04-02T12:00:00+01:00</waterml:time><waterml:value uom="m">7.020</waterml:value><waterml:metadata><waterml:TVPMeasurementMetadata><waterml:qualifier><swe:Category><swe:codeSpace xlink:href="urn:bro:gld:StatusQualityControl"/><swe:value>onbekend</swe:value></swe:Category></waterml:qualifier><waterml:interpolationType xlink:href="http://www.opengis.net/def/waterml/2.0/interpolationType/Discontinuous"/></waterml:TVPMeasurementMetadata></waterml:metadata></waterml:MeasurementTVP></waterml:point><waterml:point><waterml:MeasurementTVP><waterml:time>1974-04-19T12:00:00+01:00</waterml:time><waterml:value uom="m">6.990</waterml:value><waterml:metadata><waterml:TVPMeasurementMetadata><waterml:qualifier><swe:Category><swe:codeSpace xlink:href="urn:bro:gld:StatusQualityControl"/><swe:value>onbekend</swe:value></swe:Category></waterml:qualifier><waterml:interpolationType xlink:href="http://www.opengis.net/def/waterml/2.0/interpolationType/Discontinuous"/></waterml:TVPMeasurementMetadata></waterml:metadata></waterml:MeasurementTVP></waterml:point><waterml:point><waterml:MeasurementTVP><waterml:time>1974-05-09T12:00:00+01:00</waterml:time><waterml:value uom="m">6.970</waterml:value><waterml:metadata><waterml:TVPMeasurementMetadata><waterml:qualifier><swe:Category><swe:codeSpace xlink:href="urn:bro:gld:StatusQualityControl"/><swe:value>onbekend</swe:value></swe:Category></waterml:qualifier><waterml:interpolationType xlink:href="http://www.opengis.net/def/waterml/2.0/interpolationType/Discontinuous"/></waterml:TVPMeasurementMetadata></waterml:metadata></waterml:MeasurementTVP></waterml:point><waterml:point><waterml:MeasurementTVP><waterml:time>1974-05-16T12:00:00+01:00</waterml:time><waterml:value uom="m">6.910</waterml:value><waterml:metadata><waterml:TVPMeasurementMetadata><waterml:qualifier><swe:Category><swe:codeSpace xlink:href="urn:bro:gld:StatusQualityControl"/><swe:value>onbekend</swe:value></swe:Category></waterml:qualifier><waterml:interpolationType xlink:href="http://www.opengis.net/def/waterml/2.0/interpolationType/Discontinuous"/></waterml:TVPMeasurementMetadata></waterml:metadata></waterml:MeasurementTVP></waterml:point><waterml:point><waterml:MeasurementTVP><waterml:time>1974-05-22T12:00:00+01:00</waterml:time><waterml:value uom="m">6.820</waterml:value><waterml:metadata><waterml:TVPMeasurementMetadata><waterml:qualifier><swe:Category><swe:codeSpace xlink:href="urn:bro:gld:StatusQualityControl"/><swe:value>onbekend</swe:value></swe:Category></waterml:qualifier><waterml:interpolationType xlink:href="http://www.opengis.net/def/waterml/2.0/interpolationType/Discontinuous"/></waterml:TVPMeasurementMetadata></waterml:metadata></waterml:MeasurementTVP></waterml:point></waterml:MeasurementTimeseries></om:result></om:OM_Observation></observation></GLD_O></dispatchDocument></dispatchDataResponse>