<?xml version="1.0" encoding="UTF-8" standalone="yes"?><dispatchDataResponse xmlns:xlink="http://www.w3.org/1999/xlink" xmlns:brocom="http://www.broservices.nl/xsd/brocommon/3.0" xmlns:gmwcommon="http://www.broservices.nl/xsd/gmwcommon/1.1" xmlns:gml="http://www.opengis.net/gml/3.2" xmlns="http://www.broservices.nl/xsd/dsgmw/1.1"><brocom:responseType>dispatch</brocom:responseType><brocom:requestReference>uitgifteloket</brocom:requestReference><brocom:dispatchTime>2025-02-11T13:19:19+01:00</brocom:dispatchTime><dispatchDocument><GMW_PPO gml:id="BRO_0003"><brocom:broId>GMW000000054035</brocom:broId><brocom:deliveryAccountableParty>50200097</brocom:deliveryAccountableParty><brocom:qualityRegime>IMBRO/A</brocom:qualityRegime><withPrehistory>ja</withPrehistory><deliveryContext codeSpace="urn:bro:gmw:DeliveryContext">archiefoverdracht</deliveryContext><constructionStandard codeSpace="urn:bro:gmw:ConstructionStandard">onbekend</constructionStandard><initialFunction codeSpace="urn:bro:gmw:InitialFunction">stand</initialFunction><removed>ja</removed><numberOfMonitoringTubes>1</numberOfMonitoringTubes><groundLevelStable>ja</groundLevelStable><nitgCode>B22D0262</nitgCode><wellCode>GMW22D000262</wellCode><owner>27376655</owner><wellHeadProtector codeSpace="urn:bro:gmw:WellHeadProtector">geen</wellHeadProtector><deliveredLocation><gmwcommon:location srsName="urn:ogc:def:crs:EPSG::28992" gml:id="BRO_0001"><gml:pos>232740.000 501300.000</gml:pos></gmwcommon:location><gmwcommon:horizontalPositioningMethod codeSpace="urn:bro:gmw:HorizontalPositioningMethod">onbekend</gmwcommon:horizontalPositioningMethod></deliveredLocation><deliveredVerticalPosition><gmwcommon:localVerticalReferencePoint codeSpace="urn:bro:gmw:LocalVerticalReferencePoint">NAP</gmwcommon:localVerticalReferencePoint><gmwcommon:offset uom="m">0.000</gmwcommon:offset><gmwcommon:verticalDatum codeSpace="urn:bro:gmw:VerticalDatum">NAP</gmwcommon:verticalDatum><gmwcommon:groundLevelPosition uom="m">8.800</gmwcommon:groundLevelPosition><gmwcommon:groundLevelPositioningMethod codeSpace="urn:bro:gmw:GroundLevelPositioningMethod">onbekend</gmwcommon:groundLevelPositioningMethod></deliveredVerticalPosition><standardizedLocation><brocom:location srsName="urn:ogc:def:crs:EPSG::4258" gml:id="BRO_0002"><gml:pos>52.493873790 6.531918860</gml:pos></brocom:location><brocom:coordinateTransformation codeSpace="urn:bro:CoordinateTransformation">RDNAPTRANS2008</brocom:coordinateTransformation></standardizedLocation><registrationHistory><brocom:objectRegistrationTime>2021-10-16T13:07:36+02:00</brocom:objectRegistrationTime><brocom:registrationStatus codeSpace="urn:bro:RegistrationStatus">voltooid</brocom:registrationStatus><brocom:registrationCompletionTime>2021-10-16T13:07:36+02:00</brocom:registrationCompletionTime><brocom:corrected>nee</brocom:corrected><brocom:underReview>nee</brocom:underReview><brocom:deregistered>nee</brocom:deregistered><brocom:reregistered>nee</brocom:reregistered></registrationHistory><wellHistory><wellConstructionDate><brocom:date>1972-10-05</brocom:date></wellConstructionDate><wellRemovalDate><brocom:date>1977-04-04</brocom:date></wellRemovalDate></wellHistory><monitoringTube><tubeNumber>1</tubeNumber><tubeType codeSpace="urn:bro:gmw:TubeType">standaardbuis</tubeType><artesianWellCapPresent>onbekend</artesianWellCapPresent><sedimentSumpPresent>onbekend</sedimentSumpPresent><numberOfGeoOhmCables>0</numberOfGeoOhmCables><tubeTopDiameter uom="mm">36</tubeTopDiameter><variableDiameter>nee</variableDiameter><tubeStatus codeSpace="urn:bro:gmw:TubeStatus">onbekend</tubeStatus><tubeTopPosition uom="m">8.640</tubeTopPosition><tubeTopPositioningMethod codeSpace="urn:bro:gmw:TubeTopPositioningMethod">onbekend</tubeTopPositioningMethod><tubePartInserted>nee</tubePartInserted><tubeInUse>onbekend</tubeInUse><materialUsed><gmwcommon:tubePackingMaterial codeSpace="urn:bro:gmw:TubePackingMaterial">onbekend</gmwcommon:tubePackingMaterial><gmwcommon:tubeMaterial codeSpace="urn:bro:gmw:TubeMaterial">pvc</gmwcommon:tubeMaterial><gmwcommon:glue codeSpace="urn:bro:gmw:Glue">onbekend</gmwcommon:glue></materialUsed><screen><screenLength uom="m">0.500</screenLength><sockMaterial codeSpace="urn:bro:gmw:SockMaterial">onbekend</sockMaterial><screenTopPosition uom="m">7.140</screenTopPosition><screenBottomPosition uom="m">6.640</screenBottomPosition></screen><plainTubePart><gmwcommon:plainTubePartLength uom="m">1.500</gmwcommon:plainTubePartLength></plainTubePart></monitoringTube></GMW_PPO></dispatchDocument></dispatchDataResponse>