<?xml version="1.0" encoding="UTF-8" standalone="yes"?><dispatchDataResponse xmlns:xlink="http://www.w3.org/1999/xlink" xmlns:brocom="http://www.broservices.nl/xsd/brocommon/3.0" xmlns:gmwcommon="http://www.broservices.nl/xsd/gmwcommon/1.1" xmlns:gml="http://www.opengis.net/gml/3.2" xmlns="http://www.broservices.nl/xsd/dsgmw/1.1"><brocom:responseType>dispatch</brocom:responseType><brocom:requestReference>uitgifteloket</brocom:requestReference><brocom:dispatchTime>2025-02-11T13:19:17+01:00</brocom:dispatchTime><dispatchDocument><GMW_PPO gml:id="BRO_0003"><brocom:broId>GMW000000042818</brocom:broId><brocom:deliveryAccountableParty>51048329</brocom:deliveryAccountableParty><brocom:qualityRegime>IMBRO/A</brocom:qualityRegime><withPrehistory>ja</withPrehistory><deliveryContext codeSpace="urn:bro:gmw:DeliveryContext">publiekeTaak</deliveryContext><constructionStandard codeSpace="urn:bro:gmw:ConstructionStandard">geen</constructionStandard><initialFunction codeSpace="urn:bro:gmw:InitialFunction">stand</initialFunction><removed>nee</removed><numberOfMonitoringTubes>2</numberOfMonitoringTubes><groundLevelStable>nee</groundLevelStable><wellStability codeSpace="urn:bro:gmw:WellStability">instabiel</wellStability><nitgCode>B22D0155</nitgCode><wellCode>GMW22D000155</wellCode><owner>51048329</owner><wellHeadProtector codeSpace="urn:bro:gmw:WellHeadProtector">kokerNietMetaal</wellHeadProtector><deliveredLocation><gmwcommon:location srsName="urn:ogc:def:crs:EPSG::28992" gml:id="BRO_0001"><gml:pos>233826.291 502529.996</gml:pos></gmwcommon:location><gmwcommon:horizontalPositioningMethod codeSpace="urn:bro:gmw:HorizontalPositioningMethod">RTKGPS10tot50cm</gmwcommon:horizontalPositioningMethod></deliveredLocation><deliveredVerticalPosition><gmwcommon:localVerticalReferencePoint codeSpace="urn:bro:gmw:LocalVerticalReferencePoint">NAP</gmwcommon:localVerticalReferencePoint><gmwcommon:offset uom="m">0.000</gmwcommon:offset><gmwcommon:verticalDatum codeSpace="urn:bro:gmw:VerticalDatum">NAP</gmwcommon:verticalDatum><gmwcommon:groundLevelPosition uom="m">8.910</gmwcommon:groundLevelPosition><gmwcommon:groundLevelPositioningMethod codeSpace="urn:bro:gmw:GroundLevelPositioningMethod">waterpassing2tot4cm</gmwcommon:groundLevelPositioningMethod></deliveredVerticalPosition><standardizedLocation><brocom:location srsName="urn:ogc:def:crs:EPSG::4258" gml:id="BRO_0002"><gml:pos>52.504770925 6.548201847</gml:pos></brocom:location><brocom:coordinateTransformation codeSpace="urn:bro:CoordinateTransformation">RDNAPTRANS2018</brocom:coordinateTransformation></standardizedLocation><registrationHistory><brocom:objectRegistrationTime>2021-02-08T13:37:05+01:00</brocom:objectRegistrationTime><brocom:registrationStatus codeSpace="urn:bro:RegistrationStatus">aangevuld</brocom:registrationStatus><brocom:latestAdditionTime>2022-05-11T09:19:55+02:00</brocom:latestAdditionTime><brocom:corrected>ja</brocom:corrected><brocom:latestCorrectionTime>2022-05-11T09:11:55+02:00</brocom:latestCorrectionTime><brocom:underReview>nee</brocom:underReview><brocom:deregistered>nee</brocom:deregistered><brocom:reregistered>nee</brocom:reregistered></registrationHistory><wellHistory><wellConstructionDate><brocom:date>1989-02-22</brocom:date></wellConstructionDate><intermediateEvent><eventName codeSpace="urn:bro:gmw:EventName">buisIngekort</eventName><eventDate><brocom:date>2012-02-24</brocom:date></eventDate><eventData><tubeData><tubeNumber>1</tubeNumber><tubeTopPosition uom="m">9.359</tubeTopPosition><tubeTopPositioningMethod codeSpace="urn:bro:gmw:TubeTopPositioningMethod">afgeleidSbl</tubeTopPositioningMethod><plainTubePartLength uom="m">1.749</plainTubePartLength></tubeData><tubeData><tubeNumber>2</tubeNumber><tubeTopPosition uom="m">9.322</tubeTopPosition><tubeTopPositioningMethod codeSpace="urn:bro:gmw:TubeTopPositioningMethod">afgeleidSbl</tubeTopPositioningMethod><plainTubePartLength uom="m">9.432</plainTubePartLength></tubeData></eventData></intermediateEvent><intermediateEvent><eventName codeSpace="urn:bro:gmw:EventName">buisOpgelengd</eventName><eventDate><brocom:date>2019-11-19</brocom:date></eventDate><eventData><tubeData><tubeNumber>1</tubeNumber><tubeTopPosition uom="m">9.853</tubeTopPosition><tubeTopPositioningMethod codeSpace="urn:bro:gmw:TubeTopPositioningMethod">afgeleidSbl</tubeTopPositioningMethod><plainTubePartLength uom="m">2.243</plainTubePartLength></tubeData><tubeData><tubeNumber>2</tubeNumber><tubeTopPosition uom="m">9.818</tubeTopPosition><tubeTopPositioningMethod codeSpace="urn:bro:gmw:TubeTopPositioningMethod">afgeleidSbl</tubeTopPositioningMethod><plainTubePartLength uom="m">9.928</plainTubePartLength></tubeData></eventData></intermediateEvent></wellHistory><monitoringTube><tubeNumber>1</tubeNumber><tubeType codeSpace="urn:bro:gmw:TubeType">standaardbuis</tubeType><artesianWellCapPresent>nee</artesianWellCapPresent><sedimentSumpPresent>nee</sedimentSumpPresent><numberOfGeoOhmCables>0</numberOfGeoOhmCables><tubeTopDiameter uom="mm">36</tubeTopDiameter><variableDiameter>nee</variableDiameter><tubeStatus codeSpace="urn:bro:gmw:TubeStatus">gebruiksklaar</tubeStatus><tubeTopPosition uom="m">9.410</tubeTopPosition><tubeTopPositioningMethod codeSpace="urn:bro:gmw:TubeTopPositioningMethod">waterpassing2tot4cm</tubeTopPositioningMethod><tubePartInserted>nee</tubePartInserted><tubeInUse>ja</tubeInUse><materialUsed><gmwcommon:tubePackingMaterial codeSpace="urn:bro:gmw:TubePackingMaterial">boorgatmateriaal</gmwcommon:tubePackingMaterial><gmwcommon:tubeMaterial codeSpace="urn:bro:gmw:TubeMaterial">pvc</gmwcommon:tubeMaterial><gmwcommon:glue codeSpace="urn:bro:gmw:Glue">geen</gmwcommon:glue></materialUsed><screen><screenLength uom="m">1.000</screenLength><sockMaterial codeSpace="urn:bro:gmw:SockMaterial">geen</sockMaterial><screenTopPosition uom="m">7.610</screenTopPosition><screenBottomPosition uom="m">6.610</screenBottomPosition></screen><plainTubePart><gmwcommon:plainTubePartLength uom="m">1.800</gmwcommon:plainTubePartLength></plainTubePart></monitoringTube><monitoringTube><tubeNumber>2</tubeNumber><tubeType codeSpace="urn:bro:gmw:TubeType">standaardbuis</tubeType><artesianWellCapPresent>nee</artesianWellCapPresent><sedimentSumpPresent>nee</sedimentSumpPresent><numberOfGeoOhmCables>0</numberOfGeoOhmCables><tubeTopDiameter uom="mm">36</tubeTopDiameter><variableDiameter>nee</variableDiameter><tubeStatus codeSpace="urn:bro:gmw:TubeStatus">gebruiksklaar</tubeStatus><tubeTopPosition uom="m">9.390</tubeTopPosition><tubeTopPositioningMethod codeSpace="urn:bro:gmw:TubeTopPositioningMethod">waterpassing2tot4cm</tubeTopPositioningMethod><tubePartInserted>nee</tubePartInserted><tubeInUse>ja</tubeInUse><materialUsed><gmwcommon:tubePackingMaterial codeSpace="urn:bro:gmw:TubePackingMaterial">boorgatmateriaal</gmwcommon:tubePackingMaterial><gmwcommon:tubeMaterial codeSpace="urn:bro:gmw:TubeMaterial">pvc</gmwcommon:tubeMaterial><gmwcommon:glue codeSpace="urn:bro:gmw:Glue">geen</gmwcommon:glue></materialUsed><screen><screenLength uom="m">1.000</screenLength><sockMaterial codeSpace="urn:bro:gmw:SockMaterial">geen</sockMaterial><screenTopPosition uom="m">-0.110</screenTopPosition><screenBottomPosition uom="m">-1.110</screenBottomPosition></screen><plainTubePart><gmwcommon:plainTubePartLength uom="m">9.500</gmwcommon:plainTubePartLength></plainTubePart></monitoringTube></GMW_PPO></dispatchDocument></dispatchDataResponse>