<?xml version="1.0" encoding="UTF-8" standalone="yes"?><dispatchDataResponse xmlns:gco="http://www.isotc211.org/2005/gco" xmlns:swe="http://www.opengis.net/swe/2.0" xmlns:xlink="http://www.w3.org/1999/xlink" xmlns:gldcommon="http://www.broservices.nl/xsd/gldcommon/1.0" xmlns:brocom="http://www.broservices.nl/xsd/brocommon/3.0" xmlns:gmd="http://www.isotc211.org/2005/gmd" xmlns:gml="http://www.opengis.net/gml/3.2" xmlns:om="http://www.opengis.net/om/2.0" xmlns:waterml="http://www.opengis.net/waterml/2.0" xmlns="http://www.broservices.nl/xsd/dsgld/1.0"><brocom:responseType>dispatch</brocom:responseType><brocom:requestReference>uitgifteloket</brocom:requestReference><brocom:dispatchTime>2025-02-11T13:19:37+01:00</brocom:dispatchTime><dispatchDocument><GLD_O gml:id="BRO_0004"><brocom:broId>GLD000000056498</brocom:broId><brocom:deliveryAccountableParty>50200097</brocom:deliveryAccountableParty><brocom:qualityRegime>IMBRO/A</brocom:qualityRegime><registrationHistory><brocom:objectRegistrationTime>2024-07-08T15:43:31+02:00</brocom:objectRegistrationTime><brocom:registrationStatus codeSpace="urn:bro:RegistrationStatus">aangevuld</brocom:registrationStatus><brocom:latestAdditionTime>2024-07-09T20:00:12+02:00</brocom:latestAdditionTime><brocom:corrected>nee</brocom:corrected><brocom:underReview>nee</brocom:underReview><brocom:deregistered>nee</brocom:deregistered><brocom:reregistered>nee</brocom:reregistered></registrationHistory><researchFirstDate>1969-01-15</researchFirstDate><researchLastDate>1972-08-31</researchLastDate><monitoringPoint><gldcommon:GroundwaterMonitoringTube gml:id="BRO_0001"><gldcommon:broId>GMW000000053968</gldcommon:broId><gldcommon:tubeNumber>1</gldcommon:tubeNumber></gldcommon:GroundwaterMonitoringTube></monitoringPoint><observation><om:OM_Observation gml:id="OBS_DINO_RO_Alle"><om:type xlink:href="http://www.opengis.net/def/observationType/waterml/2.0/MeasurementTimeseriesTVPObservation"/><om:metadata><waterml:ObservationMetadata><gmd:contact><gmd:CI_ResponsibleParty><gmd:organisationName><gco:CharacterString></gco:CharacterString></gmd:organisationName><gmd:role><gmd:CI_RoleCode codeList="urn:ISO:19115:CI_RoleCode" codeListValue="principalInvestigator">principalInvestigator</gmd:CI_RoleCode></gmd:role></gmd:CI_ResponsibleParty></gmd:contact><gmd:dateStamp><gco:Date>1972-08-31</gco:Date></gmd:dateStamp><gmd:identificationInfo gco:nilReason="unknown"/><waterml:status xlink:href="urn:bro:gld:StatusCode:onbekend"/><waterml:parameter><om:NamedValue><om:name xlink:href="urn:bro:gld:ObservationMetadata:observationType"/><om:value xmlns:xsi="http://www.w3.org/2001/XMLSchema-instance" xsi:type="gml:CodeWithAuthorityType" codeSpace="urn:bro:gld:ObservationType">reguliereMeting</om:value></om:NamedValue></waterml:parameter></waterml:ObservationMetadata></om:metadata><om:phenomenonTime><gml:TimePeriod gml:id="BRO_0002"><gml:beginPosition>1969-01-15</gml:beginPosition><gml:endPosition>1972-08-31</gml:endPosition></gml:TimePeriod></om:phenomenonTime><om:resultTime xlink:type="simple"><gml:TimeInstant gml:id="BRO_0003"><gml:timePosition>1972-08-31T12:00:00+01:00</gml:timePosition></gml:TimeInstant></om:resultTime><om:procedure><waterml:ObservationProcess gml:id="OPR_RO_Alle"><waterml:processType xlink:href="http://www.opengis.net/def/waterml/2.0/processType/Algorithm"/><waterml:processReference xlink:href="urn:bro:gld:ProcessReference:onbekend"/><waterml:parameter><om:NamedValue><om:name xlink:href="urn:bro:gld:ObservationProcess:evaluationProcedure"/><om:value xmlns:xsi="http://www.w3.org/2001/XMLSchema-instance" xsi:type="gml:CodeWithAuthorityType" codeSpace="urn:bro:gld:EvaluationProcedure">onbekend</om:value></om:NamedValue></waterml:parameter><waterml:parameter><om:NamedValue><om:name xlink:href="urn:bro:gld:ObservationProcess:measurementInstrumentType"/><om:value xmlns:xsi="http://www.w3.org/2001/XMLSchema-instance" xsi:type="gml:CodeWithAuthorityType" codeSpace="urn:bro:gld:MeasurementInstrumentType">onbekend</om:value></om:NamedValue></waterml:parameter></waterml:ObservationProcess></om:procedure><om:observedProperty/><om:featureOfInterest/><om:result><waterml:MeasurementTimeseries gml:id="TMR_RO_Alle"><waterml:point><waterml:MeasurementTVP><waterml:time>1969-01-15T12:00:00+01:00</waterml:time><waterml:value uom="m">7.100</waterml:value><waterml:metadata><waterml:TVPMeasurementMetadata><waterml:qualifier><swe:Category><swe:codeSpace xlink:href="urn:bro:gld:StatusQualityControl"/><swe:value>onbekend</swe:value></swe:Category></waterml:qualifier><waterml:interpolationType xlink:href="http://www.opengis.net/def/waterml/2.0/interpolationType/Discontinuous"/></waterml:TVPMeasurementMetadata></waterml:metadata></waterml:MeasurementTVP></waterml:point><waterml:point><waterml:MeasurementTVP><waterml:time>1969-01-23T12:00:00+01:00</waterml:time><waterml:value uom="m">7.070</waterml:value><waterml:metadata><waterml:TVPMeasurementMetadata><waterml:qualifier><swe:Category><swe:codeSpace xlink:href="urn:bro:gld:StatusQualityControl"/><swe:value>onbekend</swe:value></swe:Category></waterml:qualifier><waterml:interpolationType xlink:href="http://www.opengis.net/def/waterml/2.0/interpolationType/Discontinuous"/></waterml:TVPMeasurementMetadata></waterml:metadata></waterml:MeasurementTVP></waterml:point><waterml:point><waterml:MeasurementTVP><waterml:time>1969-01-29T12:00:00+01:00</waterml:time><waterml:value uom="m">6.960</waterml:value><waterml:metadata><waterml:TVPMeasurementMetadata><waterml:qualifier><swe:Category><swe:codeSpace xlink:href="urn:bro:gld:StatusQualityControl"/><swe:value>onbekend</swe:value></swe:Category></waterml:qualifier><waterml:interpolationType xlink:href="http://www.opengis.net/def/waterml/2.0/interpolationType/Discontinuous"/></waterml:TVPMeasurementMetadata></waterml:metadata></waterml:MeasurementTVP></waterml:point><waterml:point><waterml:MeasurementTVP><waterml:time>1969-02-06T12:00:00+01:00</waterml:time><waterml:value uom="m">7.040</waterml:value><waterml:metadata><waterml:TVPMeasurementMetadata><waterml:qualifier><swe:Category><swe:codeSpace xlink:href="urn:bro:gld:StatusQualityControl"/><swe:value>onbekend</swe:value></swe:Category></waterml:qualifier><waterml:interpolationType xlink:href="http://www.opengis.net/def/waterml/2.0/interpolationType/Discontinuous"/></waterml:TVPMeasurementMetadata></waterml:metadata></waterml:MeasurementTVP></waterml:point><waterml:point><waterml:MeasurementTVP><waterml:time>1969-03-06T12:00:00+01:00</waterml:time><waterml:value uom="m">7.030</waterml:value><waterml:metadata><waterml:TVPMeasurementMetadata><waterml:qualifier><swe:Category><swe:codeSpace xlink:href="urn:bro:gld:StatusQualityControl"/><swe:value>onbekend</swe:value></swe:Category></waterml:qualifier><waterml:interpolationType xlink:href="http://www.opengis.net/def/waterml/2.0/interpolationType/Discontinuous"/></waterml:TVPMeasurementMetadata></waterml:metadata></waterml:MeasurementTVP></waterml:point><waterml:point><waterml:MeasurementTVP><waterml:time>1969-03-13T12:00:00+01:00</waterml:time><waterml:value uom="m">7.040</waterml:value><waterml:metadata><waterml:TVPMeasurementMetadata><waterml:qualifier><swe:Category><swe:codeSpace xlink:href="urn:bro:gld:StatusQualityControl"/><swe:value>onbekend</swe:value></swe:Category></waterml:qualifier><waterml:interpolationType xlink:href="http://www.opengis.net/def/waterml/2.0/interpolationType/Discontinuous"/></waterml:TVPMeasurementMetadata></waterml:metadata></waterml:MeasurementTVP></waterml:point><waterml:point><waterml:MeasurementTVP><waterml:time>1969-03-20T12:00:00+01:00</waterml:time><waterml:value uom="m">7.060</waterml:value><waterml:metadata><waterml:TVPMeasurementMetadata><waterml:qualifier><swe:Category><swe:codeSpace xlink:href="urn:bro:gld:StatusQualityControl"/><swe:value>onbekend</swe:value></swe:Category></waterml:qualifier><waterml:interpolationType xlink:href="http://www.opengis.net/def/waterml/2.0/interpolationType/Discontinuous"/></waterml:TVPMeasurementMetadata></waterml:metadata></waterml:MeasurementTVP></waterml:point><waterml:point><waterml:MeasurementTVP><waterml:time>1969-03-27T12:00:00+01:00</waterml:time><waterml:value uom="m">7.050</waterml:value><waterml:metadata><waterml:TVPMeasurementMetadata><waterml:qualifier><swe:Category><swe:codeSpace xlink:href="urn:bro:gld:StatusQualityControl"/><swe:value>onbekend</swe:value></swe:Category></waterml:qualifier><waterml:interpolationType xlink:href="http://www.opengis.net/def/waterml/2.0/interpolationType/Discontinuous"/></waterml:TVPMeasurementMetadata></waterml:metadata></waterml:MeasurementTVP></waterml:point><waterml:point><waterml:MeasurementTVP><waterml:time>1969-04-02T12:00:00+01:00</waterml:time><waterml:value uom="m">7.160</waterml:value><waterml:metadata><waterml:TVPMeasurementMetadata><waterml:qualifier><swe:Category><swe:codeSpace xlink:href="urn:bro:gld:StatusQualityControl"/><swe:value>onbekend</swe:value></swe:Category></waterml:qualifier><waterml:interpolationType xlink:href="http://www.opengis.net/def/waterml/2.0/interpolationType/Discontinuous"/></waterml:TVPMeasurementMetadata></waterml:metadata></waterml:MeasurementTVP></waterml:point><waterml:point><waterml:MeasurementTVP><waterml:time>1969-04-09T12:00:00+01:00</waterml:time><waterml:value uom="m">7.160</waterml:value><waterml:metadata><waterml:TVPMeasurementMetadata><waterml:qualifier><swe:Category><swe:codeSpace xlink:href="urn:bro:gld:StatusQualityControl"/><swe:value>onbekend</swe:value></swe:Category></waterml:qualifier><waterml:interpolationType xlink:href="http://www.opengis.net/def/waterml/2.0/interpolationType/Discontinuous"/></waterml:TVPMeasurementMetadata></waterml:metadata></waterml:MeasurementTVP></waterml:point><waterml:point><waterml:MeasurementTVP><waterml:time>1969-04-23T12:00:00+01:00</waterml:time><waterml:value uom="m">7.120</waterml:value><waterml:metadata><waterml:TVPMeasurementMetadata><waterml:qualifier><swe:Category><swe:codeSpace xlink:href="urn:bro:gld:StatusQualityControl"/><swe:value>onbekend</swe:value></swe:Category></waterml:qualifier><waterml:interpolationType xlink:href="http://www.opengis.net/def/waterml/2.0/interpolationType/Discontinuous"/></waterml:TVPMeasurementMetadata></waterml:metadata></waterml:MeasurementTVP></waterml:point><waterml:point><waterml:MeasurementTVP><waterml:time>1969-05-02T12:00:00+01:00</waterml:time><waterml:value uom="m">7.170</waterml:value><waterml:metadata><waterml:TVPMeasurementMetadata><waterml:qualifier><swe:Category><swe:codeSpace xlink:href="urn:bro:gld:StatusQualityControl"/><swe:value>onbekend</swe:value></swe:Category></waterml:qualifier><waterml:interpolationType xlink:href="http://www.opengis.net/def/waterml/2.0/interpolationType/Discontinuous"/></waterml:TVPMeasurementMetadata></waterml:metadata></waterml:MeasurementTVP></waterml:point><waterml:point><waterml:MeasurementTVP><waterml:time>1969-05-07T12:00:00+01:00</waterml:time><waterml:value uom="m">7.210</waterml:value><waterml:metadata><waterml:TVPMeasurementMetadata><waterml:qualifier><swe:Category><swe:codeSpace xlink:href="urn:bro:gld:StatusQualityControl"/><swe:value>onbekend</swe:value></swe:Category></waterml:qualifier><waterml:interpolationType xlink:href="http://www.opengis.net/def/waterml/2.0/interpolationType/Discontinuous"/></waterml:TVPMeasurementMetadata></waterml:metadata></waterml:MeasurementTVP></waterml:point><waterml:point><waterml:MeasurementTVP><waterml:time>1969-05-16T12:00:00+01:00</waterml:time><waterml:value uom="m">7.190</waterml:value><waterml:metadata><waterml:TVPMeasurementMetadata><waterml:qualifier><swe:Category><swe:codeSpace xlink:href="urn:bro:gld:StatusQualityControl"/><swe:value>onbekend</swe:value></swe:Category></waterml:qualifier><waterml:interpolationType xlink:href="http://www.opengis.net/def/waterml/2.0/interpolationType/Discontinuous"/></waterml:TVPMeasurementMetadata></waterml:metadata></waterml:MeasurementTVP></waterml:point><waterml:point><waterml:MeasurementTVP><waterml:time>1969-05-22T12:00:00+01:00</waterml:time><waterml:value uom="m">7.170</waterml:value><waterml:metadata><waterml:TVPMeasurementMetadata><waterml:qualifier><swe:Category><swe:codeSpace xlink:href="urn:bro:gld:StatusQualityControl"/><swe:value>onbekend</swe:value></swe:Category></waterml:qualifier><waterml:interpolationType xlink:href="http://www.opengis.net/def/waterml/2.0/interpolationType/Discontinuous"/></waterml:TVPMeasurementMetadata></waterml:metadata></waterml:MeasurementTVP></waterml:point><waterml:point><waterml:MeasurementTVP><waterml:time>1969-05-29T12:00:00+01:00</waterml:time><waterml:value uom="m">7.200</waterml:value><waterml:metadata><waterml:TVPMeasurementMetadata><waterml:qualifier><swe:Category><swe:codeSpace xlink:href="urn:bro:gld:StatusQualityControl"/><swe:value>onbekend</swe:value></swe:Category></waterml:qualifier><waterml:interpolationType xlink:href="http://www.opengis.net/def/waterml/2.0/interpolationType/Discontinuous"/></waterml:TVPMeasurementMetadata></waterml:metadata></waterml:MeasurementTVP></waterml:point><waterml:point><waterml:MeasurementTVP><waterml:time>1969-06-06T12:00:00+01:00</waterml:time><waterml:value uom="m">7.430</waterml:value><waterml:metadata><waterml:TVPMeasurementMetadata><waterml:qualifier><swe:Category><swe:codeSpace xlink:href="urn:bro:gld:StatusQualityControl"/><swe:value>onbekend</swe:value></swe:Category></waterml:qualifier><waterml:interpolationType xlink:href="http://www.opengis.net/def/waterml/2.0/interpolationType/Discontinuous"/></waterml:TVPMeasurementMetadata></waterml:metadata></waterml:MeasurementTVP></waterml:point><waterml:point><waterml:MeasurementTVP><waterml:time>1969-06-12T12:00:00+01:00</waterml:time><waterml:value uom="m">7.250</waterml:value><waterml:metadata><waterml:TVPMeasurementMetadata><waterml:qualifier><swe:Category><swe:codeSpace xlink:href="urn:bro:gld:StatusQualityControl"/><swe:value>onbekend</swe:value></swe:Category></waterml:qualifier><waterml:interpolationType xlink:href="http://www.opengis.net/def/waterml/2.0/interpolationType/Discontinuous"/></waterml:TVPMeasurementMetadata></waterml:metadata></waterml:MeasurementTVP></waterml:point><waterml:point><waterml:MeasurementTVP><waterml:time>1969-06-18T12:00:00+01:00</waterml:time><waterml:value uom="m">7.060</waterml:value><waterml:metadata><waterml:TVPMeasurementMetadata><waterml:qualifier><swe:Category><swe:codeSpace xlink:href="urn:bro:gld:StatusQualityControl"/><swe:value>onbekend</swe:value></swe:Category></waterml:qualifier><waterml:interpolationType xlink:href="http://www.opengis.net/def/waterml/2.0/interpolationType/Discontinuous"/></waterml:TVPMeasurementMetadata></waterml:metadata></waterml:MeasurementTVP></waterml:point><waterml:point><waterml:MeasurementTVP><waterml:time>1969-06-26T12:00:00+01:00</waterml:time><waterml:value uom="m">6.990</waterml:value><waterml:metadata><waterml:TVPMeasurementMetadata><waterml:qualifier><swe:Category><swe:codeSpace xlink:href="urn:bro:gld:StatusQualityControl"/><swe:value>onbekend</swe:value></swe:Category></waterml:qualifier><waterml:interpolationType xlink:href="http://www.opengis.net/def/waterml/2.0/interpolationType/Discontinuous"/></waterml:TVPMeasurementMetadata></waterml:metadata></waterml:MeasurementTVP></waterml:point><waterml:point><waterml:MeasurementTVP><waterml:time>1969-07-02T12:00:00+01:00</waterml:time><waterml:value uom="m">6.940</waterml:value><waterml:metadata><waterml:TVPMeasurementMetadata><waterml:qualifier><swe:Category><swe:codeSpace xlink:href="urn:bro:gld:StatusQualityControl"/><swe:value>onbekend</swe:value></swe:Category></waterml:qualifier><waterml:interpolationType xlink:href="http://www.opengis.net/def/waterml/2.0/interpolationType/Discontinuous"/></waterml:TVPMeasurementMetadata></waterml:metadata></waterml:MeasurementTVP></waterml:point><waterml:point><waterml:MeasurementTVP><waterml:time>1969-07-10T12:00:00+01:00</waterml:time><waterml:value uom="m">6.890</waterml:value><waterml:metadata><waterml:TVPMeasurementMetadata><waterml:qualifier><swe:Category><swe:codeSpace xlink:href="urn:bro:gld:StatusQualityControl"/><swe:value>onbekend</swe:value></swe:Category></waterml:qualifier><waterml:interpolationType xlink:href="http://www.opengis.net/def/waterml/2.0/interpolationType/Discontinuous"/></waterml:TVPMeasurementMetadata></waterml:metadata></waterml:MeasurementTVP></waterml:point><waterml:point><waterml:MeasurementTVP><waterml:time>1969-07-17T12:00:00+01:00</waterml:time><waterml:value uom="m">6.860</waterml:value><waterml:metadata><waterml:TVPMeasurementMetadata><waterml:qualifier><swe:Category><swe:codeSpace xlink:href="urn:bro:gld:StatusQualityControl"/><swe:value>onbekend</swe:value></swe:Category></waterml:qualifier><waterml:interpolationType xlink:href="http://www.opengis.net/def/waterml/2.0/interpolationType/Discontinuous"/></waterml:TVPMeasurementMetadata></waterml:metadata></waterml:MeasurementTVP></waterml:point><waterml:point><waterml:MeasurementTVP><waterml:time>1969-07-23T12:00:00+01:00</waterml:time><waterml:value uom="m">6.830</waterml:value><waterml:metadata><waterml:TVPMeasurementMetadata><waterml:qualifier><swe:Category><swe:codeSpace xlink:href="urn:bro:gld:StatusQualityControl"/><swe:value>onbekend</swe:value></swe:Category></waterml:qualifier><waterml:interpolationType xlink:href="http://www.opengis.net/def/waterml/2.0/interpolationType/Discontinuous"/></waterml:TVPMeasurementMetadata></waterml:metadata></waterml:MeasurementTVP></waterml:point><waterml:point><waterml:MeasurementTVP><waterml:time>1969-08-15T12:00:00+01:00</waterml:time><waterml:value uom="m">6.880</waterml:value><waterml:metadata><waterml:TVPMeasurementMetadata><waterml:qualifier><swe:Category><swe:codeSpace xlink:href="urn:bro:gld:StatusQualityControl"/><swe:value>onbekend</swe:value></swe:Category></waterml:qualifier><waterml:interpolationType xlink:href="http://www.opengis.net/def/waterml/2.0/interpolationType/Discontinuous"/></waterml:TVPMeasurementMetadata></waterml:metadata></waterml:MeasurementTVP></waterml:point><waterml:point><waterml:MeasurementTVP><waterml:time>1969-08-20T12:00:00+01:00</waterml:time><waterml:value uom="m">7.130</waterml:value><waterml:metadata><waterml:TVPMeasurementMetadata><waterml:qualifier><swe:Category><swe:codeSpace xlink:href="urn:bro:gld:StatusQualityControl"/><swe:value>onbekend</swe:value></swe:Category></waterml:qualifier><waterml:interpolationType xlink:href="http://www.opengis.net/def/waterml/2.0/interpolationType/Discontinuous"/></waterml:TVPMeasurementMetadata></waterml:metadata></waterml:MeasurementTVP></waterml:point><waterml:point><waterml:MeasurementTVP><waterml:time>1969-09-03T12:00:00+01:00</waterml:time><waterml:value xmlns:xsi="http://www.w3.org/2001/XMLSchema-instance" xsi:nil="true"/><waterml:metadata><waterml:TVPMeasurementMetadata><waterml:qualifier><swe:Category><swe:codeSpace xlink:href="urn:bro:gld:StatusQualityControl"/><swe:value>onbekend</swe:value></swe:Category></waterml:qualifier><waterml:qualifier><swe:Quantity definition="urn:bro:gld:PointMetadata:censoringLimitvalue"><swe:uom code="m"/></swe:Quantity></waterml:qualifier><waterml:interpolationType xlink:href="http://www.opengis.net/def/waterml/2.0/interpolationType/Discontinuous"/><waterml:censoredReason xlink:href="http://www.opengis.net/def/nil/OGC/0/BelowDetectionRange"/></waterml:TVPMeasurementMetadata></waterml:metadata></waterml:MeasurementTVP></waterml:point><waterml:point><waterml:MeasurementTVP><waterml:time>1969-11-26T12:00:00+01:00</waterml:time><waterml:value xmlns:xsi="http://www.w3.org/2001/XMLSchema-instance" xsi:nil="true"/><waterml:metadata><waterml:TVPMeasurementMetadata><waterml:qualifier><swe:Category><swe:codeSpace xlink:href="urn:bro:gld:StatusQualityControl"/><swe:value>onbekend</swe:value></swe:Category></waterml:qualifier><waterml:qualifier><swe:Quantity definition="urn:bro:gld:PointMetadata:censoringLimitvalue"><swe:uom code="m"/></swe:Quantity></waterml:qualifier><waterml:interpolationType xlink:href="http://www.opengis.net/def/waterml/2.0/interpolationType/Discontinuous"/><waterml:censoredReason xlink:href="http://www.opengis.net/def/nil/OGC/0/BelowDetectionRange"/></waterml:TVPMeasurementMetadata></waterml:metadata></waterml:MeasurementTVP></waterml:point><waterml:point><waterml:MeasurementTVP><waterml:time>1969-12-03T12:00:00+01:00</waterml:time><waterml:value uom="m">6.950</waterml:value><waterml:metadata><waterml:TVPMeasurementMetadata><waterml:qualifier><swe:Category><swe:codeSpace xlink:href="urn:bro:gld:StatusQualityControl"/><swe:value>onbekend</swe:value></swe:Category></waterml:qualifier><waterml:interpolationType xlink:href="http://www.opengis.net/def/waterml/2.0/interpolationType/Discontinuous"/></waterml:TVPMeasurementMetadata></waterml:metadata></waterml:MeasurementTVP></waterml:point><waterml:point><waterml:MeasurementTVP><waterml:time>1969-12-10T12:00:00+01:00</waterml:time><waterml:value uom="m">6.980</waterml:value><waterml:metadata><waterml:TVPMeasurementMetadata><waterml:qualifier><swe:Category><swe:codeSpace xlink:href="urn:bro:gld:StatusQualityControl"/><swe:value>onbekend</swe:value></swe:Category></waterml:qualifier><waterml:interpolationType xlink:href="http://www.opengis.net/def/waterml/2.0/interpolationType/Discontinuous"/></waterml:TVPMeasurementMetadata></waterml:metadata></waterml:MeasurementTVP></waterml:point><waterml:point><waterml:MeasurementTVP><waterml:time>1969-12-24T12:00:00+01:00</waterml:time><waterml:value uom="m">6.940</waterml:value><waterml:metadata><waterml:TVPMeasurementMetadata><waterml:qualifier><swe:Category><swe:codeSpace xlink:href="urn:bro:gld:StatusQualityControl"/><swe:value>onbekend</swe:value></swe:Category></waterml:qualifier><waterml:interpolationType xlink:href="http://www.opengis.net/def/waterml/2.0/interpolationType/Discontinuous"/></waterml:TVPMeasurementMetadata></waterml:metadata></waterml:MeasurementTVP></waterml:point><waterml:point><waterml:MeasurementTVP><waterml:time>1970-01-08T12:00:00+01:00</waterml:time><waterml:value uom="m">6.990</waterml:value><waterml:metadata><waterml:TVPMeasurementMetadata><waterml:qualifier><swe:Category><swe:codeSpace xlink:href="urn:bro:gld:StatusQualityControl"/><swe:value>onbekend</swe:value></swe:Category></waterml:qualifier><waterml:interpolationType xlink:href="http://www.opengis.net/def/waterml/2.0/interpolationType/Discontinuous"/></waterml:TVPMeasurementMetadata></waterml:metadata></waterml:MeasurementTVP></waterml:point><waterml:point><waterml:MeasurementTVP><waterml:time>1970-01-15T12:00:00+01:00</waterml:time><waterml:value uom="m">6.970</waterml:value><waterml:metadata><waterml:TVPMeasurementMetadata><waterml:qualifier><swe:Category><swe:codeSpace xlink:href="urn:bro:gld:StatusQualityControl"/><swe:value>onbekend</swe:value></swe:Category></waterml:qualifier><waterml:interpolationType xlink:href="http://www.opengis.net/def/waterml/2.0/interpolationType/Discontinuous"/></waterml:TVPMeasurementMetadata></waterml:metadata></waterml:MeasurementTVP></waterml:point><waterml:point><waterml:MeasurementTVP><waterml:time>1970-01-22T12:00:00+01:00</waterml:time><waterml:value uom="m">7.000</waterml:value><waterml:metadata><waterml:TVPMeasurementMetadata><waterml:qualifier><swe:Category><swe:codeSpace xlink:href="urn:bro:gld:StatusQualityControl"/><swe:value>onbekend</swe:value></swe:Category></waterml:qualifier><waterml:interpolationType xlink:href="http://www.opengis.net/def/waterml/2.0/interpolationType/Discontinuous"/></waterml:TVPMeasurementMetadata></waterml:metadata></waterml:MeasurementTVP></waterml:point><waterml:point><waterml:MeasurementTVP><waterml:time>1970-01-29T12:00:00+01:00</waterml:time><waterml:value uom="m">7.060</waterml:value><waterml:metadata><waterml:TVPMeasurementMetadata><waterml:qualifier><swe:Category><swe:codeSpace xlink:href="urn:bro:gld:StatusQualityControl"/><swe:value>onbekend</swe:value></swe:Category></waterml:qualifier><waterml:interpolationType xlink:href="http://www.opengis.net/def/waterml/2.0/interpolationType/Discontinuous"/></waterml:TVPMeasurementMetadata></waterml:metadata></waterml:MeasurementTVP></waterml:point><waterml:point><waterml:MeasurementTVP><waterml:time>1970-02-05T12:00:00+01:00</waterml:time><waterml:value uom="m">7.090</waterml:value><waterml:metadata><waterml:TVPMeasurementMetadata><waterml:qualifier><swe:Category><swe:codeSpace xlink:href="urn:bro:gld:StatusQualityControl"/><swe:value>onbekend</swe:value></swe:Category></waterml:qualifier><waterml:interpolationType xlink:href="http://www.opengis.net/def/waterml/2.0/interpolationType/Discontinuous"/></waterml:TVPMeasurementMetadata></waterml:metadata></waterml:MeasurementTVP></waterml:point><waterml:point><waterml:MeasurementTVP><waterml:time>1970-02-12T12:00:00+01:00</waterml:time><waterml:value uom="m">7.100</waterml:value><waterml:metadata><waterml:TVPMeasurementMetadata><waterml:qualifier><swe:Category><swe:codeSpace xlink:href="urn:bro:gld:StatusQualityControl"/><swe:value>onbekend</swe:value></swe:Category></waterml:qualifier><waterml:interpolationType xlink:href="http://www.opengis.net/def/waterml/2.0/interpolationType/Discontinuous"/></waterml:TVPMeasurementMetadata></waterml:metadata></waterml:MeasurementTVP></waterml:point><waterml:point><waterml:MeasurementTVP><waterml:time>1970-02-20T12:00:00+01:00</waterml:time><waterml:value uom="m">7.270</waterml:value><waterml:metadata><waterml:TVPMeasurementMetadata><waterml:qualifier><swe:Category><swe:codeSpace xlink:href="urn:bro:gld:StatusQualityControl"/><swe:value>onbekend</swe:value></swe:Category></waterml:qualifier><waterml:interpolationType xlink:href="http://www.opengis.net/def/waterml/2.0/interpolationType/Discontinuous"/></waterml:TVPMeasurementMetadata></waterml:metadata></waterml:MeasurementTVP></waterml:point><waterml:point><waterml:MeasurementTVP><waterml:time>1970-02-26T12:00:00+01:00</waterml:time><waterml:value uom="m">7.750</waterml:value><waterml:metadata><waterml:TVPMeasurementMetadata><waterml:qualifier><swe:Category><swe:codeSpace xlink:href="urn:bro:gld:StatusQualityControl"/><swe:value>onbekend</swe:value></swe:Category></waterml:qualifier><waterml:interpolationType xlink:href="http://www.opengis.net/def/waterml/2.0/interpolationType/Discontinuous"/></waterml:TVPMeasurementMetadata></waterml:metadata></waterml:MeasurementTVP></waterml:point><waterml:point><waterml:MeasurementTVP><waterml:time>1970-03-06T12:00:00+01:00</waterml:time><waterml:value uom="m">7.770</waterml:value><waterml:metadata><waterml:TVPMeasurementMetadata><waterml:qualifier><swe:Category><swe:codeSpace xlink:href="urn:bro:gld:StatusQualityControl"/><swe:value>onbekend</swe:value></swe:Category></waterml:qualifier><waterml:interpolationType xlink:href="http://www.opengis.net/def/waterml/2.0/interpolationType/Discontinuous"/></waterml:TVPMeasurementMetadata></waterml:metadata></waterml:MeasurementTVP></waterml:point><waterml:point><waterml:MeasurementTVP><waterml:time>1970-03-12T12:00:00+01:00</waterml:time><waterml:value uom="m">7.700</waterml:value><waterml:metadata><waterml:TVPMeasurementMetadata><waterml:qualifier><swe:Category><swe:codeSpace xlink:href="urn:bro:gld:StatusQualityControl"/><swe:value>onbekend</swe:value></swe:Category></waterml:qualifier><waterml:interpolationType xlink:href="http://www.opengis.net/def/waterml/2.0/interpolationType/Discontinuous"/></waterml:TVPMeasurementMetadata></waterml:metadata></waterml:MeasurementTVP></waterml:point><waterml:point><waterml:MeasurementTVP><waterml:time>1970-03-19T12:00:00+01:00</waterml:time><waterml:value uom="m">7.750</waterml:value><waterml:metadata><waterml:TVPMeasurementMetadata><waterml:qualifier><swe:Category><swe:codeSpace xlink:href="urn:bro:gld:StatusQualityControl"/><swe:value>onbekend</swe:value></swe:Category></waterml:qualifier><waterml:interpolationType xlink:href="http://www.opengis.net/def/waterml/2.0/interpolationType/Discontinuous"/></waterml:TVPMeasurementMetadata></waterml:metadata></waterml:MeasurementTVP></waterml:point><waterml:point><waterml:MeasurementTVP><waterml:time>1970-03-26T12:00:00+01:00</waterml:time><waterml:value uom="m">7.780</waterml:value><waterml:metadata><waterml:TVPMeasurementMetadata><waterml:qualifier><swe:Category><swe:codeSpace xlink:href="urn:bro:gld:StatusQualityControl"/><swe:value>onbekend</swe:value></swe:Category></waterml:qualifier><waterml:interpolationType xlink:href="http://www.opengis.net/def/waterml/2.0/interpolationType/Discontinuous"/></waterml:TVPMeasurementMetadata></waterml:metadata></waterml:MeasurementTVP></waterml:point><waterml:point><waterml:MeasurementTVP><waterml:time>1970-04-02T12:00:00+01:00</waterml:time><waterml:value uom="m">8.000</waterml:value><waterml:metadata><waterml:TVPMeasurementMetadata><waterml:qualifier><swe:Category><swe:codeSpace xlink:href="urn:bro:gld:StatusQualityControl"/><swe:value>onbekend</swe:value></swe:Category></waterml:qualifier><waterml:interpolationType xlink:href="http://www.opengis.net/def/waterml/2.0/interpolationType/Discontinuous"/></waterml:TVPMeasurementMetadata></waterml:metadata></waterml:MeasurementTVP></waterml:point><waterml:point><waterml:MeasurementTVP><waterml:time>1970-04-09T12:00:00+01:00</waterml:time><waterml:value uom="m">8.020</waterml:value><waterml:metadata><waterml:TVPMeasurementMetadata><waterml:qualifier><swe:Category><swe:codeSpace xlink:href="urn:bro:gld:StatusQualityControl"/><swe:value>onbekend</swe:value></swe:Category></waterml:qualifier><waterml:interpolationType xlink:href="http://www.opengis.net/def/waterml/2.0/interpolationType/Discontinuous"/></waterml:TVPMeasurementMetadata></waterml:metadata></waterml:MeasurementTVP></waterml:point><waterml:point><waterml:MeasurementTVP><waterml:time>1970-04-17T12:00:00+01:00</waterml:time><waterml:value uom="m">7.990</waterml:value><waterml:metadata><waterml:TVPMeasurementMetadata><waterml:qualifier><swe:Category><swe:codeSpace xlink:href="urn:bro:gld:StatusQualityControl"/><swe:value>onbekend</swe:value></swe:Category></waterml:qualifier><waterml:interpolationType xlink:href="http://www.opengis.net/def/waterml/2.0/interpolationType/Discontinuous"/></waterml:TVPMeasurementMetadata></waterml:metadata></waterml:MeasurementTVP></waterml:point><waterml:point><waterml:MeasurementTVP><waterml:time>1970-04-24T12:00:00+01:00</waterml:time><waterml:value uom="m">8.030</waterml:value><waterml:metadata><waterml:TVPMeasurementMetadata><waterml:qualifier><swe:Category><swe:codeSpace xlink:href="urn:bro:gld:StatusQualityControl"/><swe:value>onbekend</swe:value></swe:Category></waterml:qualifier><waterml:interpolationType xlink:href="http://www.opengis.net/def/waterml/2.0/interpolationType/Discontinuous"/></waterml:TVPMeasurementMetadata></waterml:metadata></waterml:MeasurementTVP></waterml:point><waterml:point><waterml:MeasurementTVP><waterml:time>1970-05-08T12:00:00+01:00</waterml:time><waterml:value uom="m">7.880</waterml:value><waterml:metadata><waterml:TVPMeasurementMetadata><waterml:qualifier><swe:Category><swe:codeSpace xlink:href="urn:bro:gld:StatusQualityControl"/><swe:value>onbekend</swe:value></swe:Category></waterml:qualifier><waterml:interpolationType xlink:href="http://www.opengis.net/def/waterml/2.0/interpolationType/Discontinuous"/></waterml:TVPMeasurementMetadata></waterml:metadata></waterml:MeasurementTVP></waterml:point><waterml:point><waterml:MeasurementTVP><waterml:time>1970-05-14T12:00:00+01:00</waterml:time><waterml:value uom="m">7.750</waterml:value><waterml:metadata><waterml:TVPMeasurementMetadata><waterml:qualifier><swe:Category><swe:codeSpace xlink:href="urn:bro:gld:StatusQualityControl"/><swe:value>onbekend</swe:value></swe:Category></waterml:qualifier><waterml:interpolationType xlink:href="http://www.opengis.net/def/waterml/2.0/interpolationType/Discontinuous"/></waterml:TVPMeasurementMetadata></waterml:metadata></waterml:MeasurementTVP></waterml:point><waterml:point><waterml:MeasurementTVP><waterml:time>1970-05-20T12:00:00+01:00</waterml:time><waterml:value uom="m">7.630</waterml:value><waterml:metadata><waterml:TVPMeasurementMetadata><waterml:qualifier><swe:Category><swe:codeSpace xlink:href="urn:bro:gld:StatusQualityControl"/><swe:value>onbekend</swe:value></swe:Category></waterml:qualifier><waterml:interpolationType xlink:href="http://www.opengis.net/def/waterml/2.0/interpolationType/Discontinuous"/></waterml:TVPMeasurementMetadata></waterml:metadata></waterml:MeasurementTVP></waterml:point><waterml:point><waterml:MeasurementTVP><waterml:time>1970-05-28T12:00:00+01:00</waterml:time><waterml:value uom="m">7.520</waterml:value><waterml:metadata><waterml:TVPMeasurementMetadata><waterml:qualifier><swe:Category><swe:codeSpace xlink:href="urn:bro:gld:StatusQualityControl"/><swe:value>onbekend</swe:value></swe:Category></waterml:qualifier><waterml:interpolationType xlink:href="http://www.opengis.net/def/waterml/2.0/interpolationType/Discontinuous"/></waterml:TVPMeasurementMetadata></waterml:metadata></waterml:MeasurementTVP></waterml:point><waterml:point><waterml:MeasurementTVP><waterml:time>1970-06-03T12:00:00+01:00</waterml:time><waterml:value uom="m">7.440</waterml:value><waterml:metadata><waterml:TVPMeasurementMetadata><waterml:qualifier><swe:Category><swe:codeSpace xlink:href="urn:bro:gld:StatusQualityControl"/><swe:value>onbekend</swe:value></swe:Category></waterml:qualifier><waterml:interpolationType xlink:href="http://www.opengis.net/def/waterml/2.0/interpolationType/Discontinuous"/></waterml:TVPMeasurementMetadata></waterml:metadata></waterml:MeasurementTVP></waterml:point><waterml:point><waterml:MeasurementTVP><waterml:time>1970-06-11T12:00:00+01:00</waterml:time><waterml:value uom="m">7.360</waterml:value><waterml:metadata><waterml:TVPMeasurementMetadata><waterml:qualifier><swe:Category><swe:codeSpace xlink:href="urn:bro:gld:StatusQualityControl"/><swe:value>onbekend</swe:value></swe:Category></waterml:qualifier><waterml:interpolationType xlink:href="http://www.opengis.net/def/waterml/2.0/interpolationType/Discontinuous"/></waterml:TVPMeasurementMetadata></waterml:metadata></waterml:MeasurementTVP></waterml:point><waterml:point><waterml:MeasurementTVP><waterml:time>1970-06-19T12:00:00+01:00</waterml:time><waterml:value uom="m">7.310</waterml:value><waterml:metadata><waterml:TVPMeasurementMetadata><waterml:qualifier><swe:Category><swe:codeSpace xlink:href="urn:bro:gld:StatusQualityControl"/><swe:value>onbekend</swe:value></swe:Category></waterml:qualifier><waterml:interpolationType xlink:href="http://www.opengis.net/def/waterml/2.0/interpolationType/Discontinuous"/></waterml:TVPMeasurementMetadata></waterml:metadata></waterml:MeasurementTVP></waterml:point><waterml:point><waterml:MeasurementTVP><waterml:time>1970-06-25T12:00:00+01:00</waterml:time><waterml:value uom="m">7.270</waterml:value><waterml:metadata><waterml:TVPMeasurementMetadata><waterml:qualifier><swe:Category><swe:codeSpace xlink:href="urn:bro:gld:StatusQualityControl"/><swe:value>onbekend</swe:value></swe:Category></waterml:qualifier><waterml:interpolationType xlink:href="http://www.opengis.net/def/waterml/2.0/interpolationType/Discontinuous"/></waterml:TVPMeasurementMetadata></waterml:metadata></waterml:MeasurementTVP></waterml:point><waterml:point><waterml:MeasurementTVP><waterml:time>1970-07-03T12:00:00+01:00</waterml:time><waterml:value uom="m">7.260</waterml:value><waterml:metadata><waterml:TVPMeasurementMetadata><waterml:qualifier><swe:Category><swe:codeSpace xlink:href="urn:bro:gld:StatusQualityControl"/><swe:value>onbekend</swe:value></swe:Category></waterml:qualifier><waterml:interpolationType xlink:href="http://www.opengis.net/def/waterml/2.0/interpolationType/Discontinuous"/></waterml:TVPMeasurementMetadata></waterml:metadata></waterml:MeasurementTVP></waterml:point><waterml:point><waterml:MeasurementTVP><waterml:time>1970-07-09T12:00:00+01:00</waterml:time><waterml:value uom="m">7.340</waterml:value><waterml:metadata><waterml:TVPMeasurementMetadata><waterml:qualifier><swe:Category><swe:codeSpace xlink:href="urn:bro:gld:StatusQualityControl"/><swe:value>onbekend</swe:value></swe:Category></waterml:qualifier><waterml:interpolationType xlink:href="http://www.opengis.net/def/waterml/2.0/interpolationType/Discontinuous"/></waterml:TVPMeasurementMetadata></waterml:metadata></waterml:MeasurementTVP></waterml:point><waterml:point><waterml:MeasurementTVP><waterml:time>1970-07-17T12:00:00+01:00</waterml:time><waterml:value uom="m">7.430</waterml:value><waterml:metadata><waterml:TVPMeasurementMetadata><waterml:qualifier><swe:Category><swe:codeSpace xlink:href="urn:bro:gld:StatusQualityControl"/><swe:value>onbekend</swe:value></swe:Category></waterml:qualifier><waterml:interpolationType xlink:href="http://www.opengis.net/def/waterml/2.0/interpolationType/Discontinuous"/></waterml:TVPMeasurementMetadata></waterml:metadata></waterml:MeasurementTVP></waterml:point><waterml:point><waterml:MeasurementTVP><waterml:time>1970-07-24T12:00:00+01:00</waterml:time><waterml:value uom="m">7.460</waterml:value><waterml:metadata><waterml:TVPMeasurementMetadata><waterml:qualifier><swe:Category><swe:codeSpace xlink:href="urn:bro:gld:StatusQualityControl"/><swe:value>onbekend</swe:value></swe:Category></waterml:qualifier><waterml:interpolationType xlink:href="http://www.opengis.net/def/waterml/2.0/interpolationType/Discontinuous"/></waterml:TVPMeasurementMetadata></waterml:metadata></waterml:MeasurementTVP></waterml:point><waterml:point><waterml:MeasurementTVP><waterml:time>1970-08-14T12:00:00+01:00</waterml:time><waterml:value uom="m">7.240</waterml:value><waterml:metadata><waterml:TVPMeasurementMetadata><waterml:qualifier><swe:Category><swe:codeSpace xlink:href="urn:bro:gld:StatusQualityControl"/><swe:value>onbekend</swe:value></swe:Category></waterml:qualifier><waterml:interpolationType xlink:href="http://www.opengis.net/def/waterml/2.0/interpolationType/Discontinuous"/></waterml:TVPMeasurementMetadata></waterml:metadata></waterml:MeasurementTVP></waterml:point><waterml:point><waterml:MeasurementTVP><waterml:time>1970-08-21T12:00:00+01:00</waterml:time><waterml:value uom="m">7.190</waterml:value><waterml:metadata><waterml:TVPMeasurementMetadata><waterml:qualifier><swe:Category><swe:codeSpace xlink:href="urn:bro:gld:StatusQualityControl"/><swe:value>onbekend</swe:value></swe:Category></waterml:qualifier><waterml:interpolationType xlink:href="http://www.opengis.net/def/waterml/2.0/interpolationType/Discontinuous"/></waterml:TVPMeasurementMetadata></waterml:metadata></waterml:MeasurementTVP></waterml:point><waterml:point><waterml:MeasurementTVP><waterml:time>1970-08-28T12:00:00+01:00</waterml:time><waterml:value uom="m">7.100</waterml:value><waterml:metadata><waterml:TVPMeasurementMetadata><waterml:qualifier><swe:Category><swe:codeSpace xlink:href="urn:bro:gld:StatusQualityControl"/><swe:value>onbekend</swe:value></swe:Category></waterml:qualifier><waterml:interpolationType xlink:href="http://www.opengis.net/def/waterml/2.0/interpolationType/Discontinuous"/></waterml:TVPMeasurementMetadata></waterml:metadata></waterml:MeasurementTVP></waterml:point><waterml:point><waterml:MeasurementTVP><waterml:time>1970-09-04T12:00:00+01:00</waterml:time><waterml:value uom="m">7.030</waterml:value><waterml:metadata><waterml:TVPMeasurementMetadata><waterml:qualifier><swe:Category><swe:codeSpace xlink:href="urn:bro:gld:StatusQualityControl"/><swe:value>onbekend</swe:value></swe:Category></waterml:qualifier><waterml:interpolationType xlink:href="http://www.opengis.net/def/waterml/2.0/interpolationType/Discontinuous"/></waterml:TVPMeasurementMetadata></waterml:metadata></waterml:MeasurementTVP></waterml:point><waterml:point><waterml:MeasurementTVP><waterml:time>1970-09-11T12:00:00+01:00</waterml:time><waterml:value uom="m">7.220</waterml:value><waterml:metadata><waterml:TVPMeasurementMetadata><waterml:qualifier><swe:Category><swe:codeSpace xlink:href="urn:bro:gld:StatusQualityControl"/><swe:value>onbekend</swe:value></swe:Category></waterml:qualifier><waterml:interpolationType xlink:href="http://www.opengis.net/def/waterml/2.0/interpolationType/Discontinuous"/></waterml:TVPMeasurementMetadata></waterml:metadata></waterml:MeasurementTVP></waterml:point><waterml:point><waterml:MeasurementTVP><waterml:time>1970-09-18T12:00:00+01:00</waterml:time><waterml:value uom="m">7.190</waterml:value><waterml:metadata><waterml:TVPMeasurementMetadata><waterml:qualifier><swe:Category><swe:codeSpace xlink:href="urn:bro:gld:StatusQualityControl"/><swe:value>onbekend</swe:value></swe:Category></waterml:qualifier><waterml:interpolationType xlink:href="http://www.opengis.net/def/waterml/2.0/interpolationType/Discontinuous"/></waterml:TVPMeasurementMetadata></waterml:metadata></waterml:MeasurementTVP></waterml:point><waterml:point><waterml:MeasurementTVP><waterml:time>1970-09-25T12:00:00+01:00</waterml:time><waterml:value uom="m">7.170</waterml:value><waterml:metadata><waterml:TVPMeasurementMetadata><waterml:qualifier><swe:Category><swe:codeSpace xlink:href="urn:bro:gld:StatusQualityControl"/><swe:value>onbekend</swe:value></swe:Category></waterml:qualifier><waterml:interpolationType xlink:href="http://www.opengis.net/def/waterml/2.0/interpolationType/Discontinuous"/></waterml:TVPMeasurementMetadata></waterml:metadata></waterml:MeasurementTVP></waterml:point><waterml:point><waterml:MeasurementTVP><waterml:time>1970-10-02T12:00:00+01:00</waterml:time><waterml:value uom="m">7.160</waterml:value><waterml:metadata><waterml:TVPMeasurementMetadata><waterml:qualifier><swe:Category><swe:codeSpace xlink:href="urn:bro:gld:StatusQualityControl"/><swe:value>onbekend</swe:value></swe:Category></waterml:qualifier><waterml:interpolationType xlink:href="http://www.opengis.net/def/waterml/2.0/interpolationType/Discontinuous"/></waterml:TVPMeasurementMetadata></waterml:metadata></waterml:MeasurementTVP></waterml:point><waterml:point><waterml:MeasurementTVP><waterml:time>1970-10-09T12:00:00+01:00</waterml:time><waterml:value uom="m">7.140</waterml:value><waterml:metadata><waterml:TVPMeasurementMetadata><waterml:qualifier><swe:Category><swe:codeSpace xlink:href="urn:bro:gld:StatusQualityControl"/><swe:value>onbekend</swe:value></swe:Category></waterml:qualifier><waterml:interpolationType xlink:href="http://www.opengis.net/def/waterml/2.0/interpolationType/Discontinuous"/></waterml:TVPMeasurementMetadata></waterml:metadata></waterml:MeasurementTVP></waterml:point><waterml:point><waterml:MeasurementTVP><waterml:time>1970-10-21T12:00:00+01:00</waterml:time><waterml:value uom="m">7.320</waterml:value><waterml:metadata><waterml:TVPMeasurementMetadata><waterml:qualifier><swe:Category><swe:codeSpace xlink:href="urn:bro:gld:StatusQualityControl"/><swe:value>onbekend</swe:value></swe:Category></waterml:qualifier><waterml:interpolationType xlink:href="http://www.opengis.net/def/waterml/2.0/interpolationType/Discontinuous"/></waterml:TVPMeasurementMetadata></waterml:metadata></waterml:MeasurementTVP></waterml:point><waterml:point><waterml:MeasurementTVP><waterml:time>1970-10-30T12:00:00+01:00</waterml:time><waterml:value uom="m">7.480</waterml:value><waterml:metadata><waterml:TVPMeasurementMetadata><waterml:qualifier><swe:Category><swe:codeSpace xlink:href="urn:bro:gld:StatusQualityControl"/><swe:value>onbekend</swe:value></swe:Category></waterml:qualifier><waterml:interpolationType xlink:href="http://www.opengis.net/def/waterml/2.0/interpolationType/Discontinuous"/></waterml:TVPMeasurementMetadata></waterml:metadata></waterml:MeasurementTVP></waterml:point><waterml:point><waterml:MeasurementTVP><waterml:time>1970-11-11T12:00:00+01:00</waterml:time><waterml:value uom="m">7.870</waterml:value><waterml:metadata><waterml:TVPMeasurementMetadata><waterml:qualifier><swe:Category><swe:codeSpace xlink:href="urn:bro:gld:StatusQualityControl"/><swe:value>onbekend</swe:value></swe:Category></waterml:qualifier><waterml:interpolationType xlink:href="http://www.opengis.net/def/waterml/2.0/interpolationType/Discontinuous"/></waterml:TVPMeasurementMetadata></waterml:metadata></waterml:MeasurementTVP></waterml:point><waterml:point><waterml:MeasurementTVP><waterml:time>1970-11-20T12:00:00+01:00</waterml:time><waterml:value uom="m">7.840</waterml:value><waterml:metadata><waterml:TVPMeasurementMetadata><waterml:qualifier><swe:Category><swe:codeSpace xlink:href="urn:bro:gld:StatusQualityControl"/><swe:value>onbekend</swe:value></swe:Category></waterml:qualifier><waterml:interpolationType xlink:href="http://www.opengis.net/def/waterml/2.0/interpolationType/Discontinuous"/></waterml:TVPMeasurementMetadata></waterml:metadata></waterml:MeasurementTVP></waterml:point><waterml:point><waterml:MeasurementTVP><waterml:time>1970-11-27T12:00:00+01:00</waterml:time><waterml:value uom="m">7.800</waterml:value><waterml:metadata><waterml:TVPMeasurementMetadata><waterml:qualifier><swe:Category><swe:codeSpace xlink:href="urn:bro:gld:StatusQualityControl"/><swe:value>onbekend</swe:value></swe:Category></waterml:qualifier><waterml:interpolationType xlink:href="http://www.opengis.net/def/waterml/2.0/interpolationType/Discontinuous"/></waterml:TVPMeasurementMetadata></waterml:metadata></waterml:MeasurementTVP></waterml:point><waterml:point><waterml:MeasurementTVP><waterml:time>1970-12-03T12:00:00+01:00</waterml:time><waterml:value uom="m">7.760</waterml:value><waterml:metadata><waterml:TVPMeasurementMetadata><waterml:qualifier><swe:Category><swe:codeSpace xlink:href="urn:bro:gld:StatusQualityControl"/><swe:value>onbekend</swe:value></swe:Category></waterml:qualifier><waterml:interpolationType xlink:href="http://www.opengis.net/def/waterml/2.0/interpolationType/Discontinuous"/></waterml:TVPMeasurementMetadata></waterml:metadata></waterml:MeasurementTVP></waterml:point><waterml:point><waterml:MeasurementTVP><waterml:time>1970-12-17T12:00:00+01:00</waterml:time><waterml:value uom="m">7.650</waterml:value><waterml:metadata><waterml:TVPMeasurementMetadata><waterml:qualifier><swe:Category><swe:codeSpace xlink:href="urn:bro:gld:StatusQualityControl"/><swe:value>onbekend</swe:value></swe:Category></waterml:qualifier><waterml:interpolationType xlink:href="http://www.opengis.net/def/waterml/2.0/interpolationType/Discontinuous"/></waterml:TVPMeasurementMetadata></waterml:metadata></waterml:MeasurementTVP></waterml:point><waterml:point><waterml:MeasurementTVP><waterml:time>1971-01-22T12:00:00+01:00</waterml:time><waterml:value uom="m">7.930</waterml:value><waterml:metadata><waterml:TVPMeasurementMetadata><waterml:qualifier><swe:Category><swe:codeSpace xlink:href="urn:bro:gld:StatusQualityControl"/><swe:value>onbekend</swe:value></swe:Category></waterml:qualifier><waterml:interpolationType xlink:href="http://www.opengis.net/def/waterml/2.0/interpolationType/Discontinuous"/></waterml:TVPMeasurementMetadata></waterml:metadata></waterml:MeasurementTVP></waterml:point><waterml:point><waterml:MeasurementTVP><waterml:time>1971-01-27T12:00:00+01:00</waterml:time><waterml:value uom="m">7.970</waterml:value><waterml:metadata><waterml:TVPMeasurementMetadata><waterml:qualifier><swe:Category><swe:codeSpace xlink:href="urn:bro:gld:StatusQualityControl"/><swe:value>onbekend</swe:value></swe:Category></waterml:qualifier><waterml:interpolationType xlink:href="http://www.opengis.net/def/waterml/2.0/interpolationType/Discontinuous"/></waterml:TVPMeasurementMetadata></waterml:metadata></waterml:MeasurementTVP></waterml:point><waterml:point><waterml:MeasurementTVP><waterml:time>1971-02-12T12:00:00+01:00</waterml:time><waterml:value uom="m">8.080</waterml:value><waterml:metadata><waterml:TVPMeasurementMetadata><waterml:qualifier><swe:Category><swe:codeSpace xlink:href="urn:bro:gld:StatusQualityControl"/><swe:value>onbekend</swe:value></swe:Category></waterml:qualifier><waterml:interpolationType xlink:href="http://www.opengis.net/def/waterml/2.0/interpolationType/Discontinuous"/></waterml:TVPMeasurementMetadata></waterml:metadata></waterml:MeasurementTVP></waterml:point><waterml:point><waterml:MeasurementTVP><waterml:time>1971-02-18T12:00:00+01:00</waterml:time><waterml:value uom="m">8.000</waterml:value><waterml:metadata><waterml:TVPMeasurementMetadata><waterml:qualifier><swe:Category><swe:codeSpace xlink:href="urn:bro:gld:StatusQualityControl"/><swe:value>onbekend</swe:value></swe:Category></waterml:qualifier><waterml:interpolationType xlink:href="http://www.opengis.net/def/waterml/2.0/interpolationType/Discontinuous"/></waterml:TVPMeasurementMetadata></waterml:metadata></waterml:MeasurementTVP></waterml:point><waterml:point><waterml:MeasurementTVP><waterml:time>1971-02-26T12:00:00+01:00</waterml:time><waterml:value uom="m">7.950</waterml:value><waterml:metadata><waterml:TVPMeasurementMetadata><waterml:qualifier><swe:Category><swe:codeSpace xlink:href="urn:bro:gld:StatusQualityControl"/><swe:value>onbekend</swe:value></swe:Category></waterml:qualifier><waterml:interpolationType xlink:href="http://www.opengis.net/def/waterml/2.0/interpolationType/Discontinuous"/></waterml:TVPMeasurementMetadata></waterml:metadata></waterml:MeasurementTVP></waterml:point><waterml:point><waterml:MeasurementTVP><waterml:time>1971-03-12T12:00:00+01:00</waterml:time><waterml:value uom="m">7.890</waterml:value><waterml:metadata><waterml:TVPMeasurementMetadata><waterml:qualifier><swe:Category><swe:codeSpace xlink:href="urn:bro:gld:StatusQualityControl"/><swe:value>onbekend</swe:value></swe:Category></waterml:qualifier><waterml:interpolationType xlink:href="http://www.opengis.net/def/waterml/2.0/interpolationType/Discontinuous"/></waterml:TVPMeasurementMetadata></waterml:metadata></waterml:MeasurementTVP></waterml:point><waterml:point><waterml:MeasurementTVP><waterml:time>1971-03-19T12:00:00+01:00</waterml:time><waterml:value uom="m">7.800</waterml:value><waterml:metadata><waterml:TVPMeasurementMetadata><waterml:qualifier><swe:Category><swe:codeSpace xlink:href="urn:bro:gld:StatusQualityControl"/><swe:value>onbekend</swe:value></swe:Category></waterml:qualifier><waterml:interpolationType xlink:href="http://www.opengis.net/def/waterml/2.0/interpolationType/Discontinuous"/></waterml:TVPMeasurementMetadata></waterml:metadata></waterml:MeasurementTVP></waterml:point><waterml:point><waterml:MeasurementTVP><waterml:time>1971-04-02T12:00:00+01:00</waterml:time><waterml:value uom="m">7.740</waterml:value><waterml:metadata><waterml:TVPMeasurementMetadata><waterml:qualifier><swe:Category><swe:codeSpace xlink:href="urn:bro:gld:StatusQualityControl"/><swe:value>onbekend</swe:value></swe:Category></waterml:qualifier><waterml:interpolationType xlink:href="http://www.opengis.net/def/waterml/2.0/interpolationType/Discontinuous"/></waterml:TVPMeasurementMetadata></waterml:metadata></waterml:MeasurementTVP></waterml:point><waterml:point><waterml:MeasurementTVP><waterml:time>1971-04-08T12:00:00+01:00</waterml:time><waterml:value uom="m">7.630</waterml:value><waterml:metadata><waterml:TVPMeasurementMetadata><waterml:qualifier><swe:Category><swe:codeSpace xlink:href="urn:bro:gld:StatusQualityControl"/><swe:value>onbekend</swe:value></swe:Category></waterml:qualifier><waterml:interpolationType xlink:href="http://www.opengis.net/def/waterml/2.0/interpolationType/Discontinuous"/></waterml:TVPMeasurementMetadata></waterml:metadata></waterml:MeasurementTVP></waterml:point><waterml:point><waterml:MeasurementTVP><waterml:time>1971-04-23T12:00:00+01:00</waterml:time><waterml:value uom="m">7.510</waterml:value><waterml:metadata><waterml:TVPMeasurementMetadata><waterml:qualifier><swe:Category><swe:codeSpace xlink:href="urn:bro:gld:StatusQualityControl"/><swe:value>onbekend</swe:value></swe:Category></waterml:qualifier><waterml:interpolationType xlink:href="http://www.opengis.net/def/waterml/2.0/interpolationType/Discontinuous"/></waterml:TVPMeasurementMetadata></waterml:metadata></waterml:MeasurementTVP></waterml:point><waterml:point><waterml:MeasurementTVP><waterml:time>1971-05-07T12:00:00+01:00</waterml:time><waterml:value uom="m">7.360</waterml:value><waterml:metadata><waterml:TVPMeasurementMetadata><waterml:qualifier><swe:Category><swe:codeSpace xlink:href="urn:bro:gld:StatusQualityControl"/><swe:value>onbekend</swe:value></swe:Category></waterml:qualifier><waterml:interpolationType xlink:href="http://www.opengis.net/def/waterml/2.0/interpolationType/Discontinuous"/></waterml:TVPMeasurementMetadata></waterml:metadata></waterml:MeasurementTVP></waterml:point><waterml:point><waterml:MeasurementTVP><waterml:time>1971-05-27T12:00:00+01:00</waterml:time><waterml:value uom="m">7.230</waterml:value><waterml:metadata><waterml:TVPMeasurementMetadata><waterml:qualifier><swe:Category><swe:codeSpace xlink:href="urn:bro:gld:StatusQualityControl"/><swe:value>onbekend</swe:value></swe:Category></waterml:qualifier><waterml:interpolationType xlink:href="http://www.opengis.net/def/waterml/2.0/interpolationType/Discontinuous"/></waterml:TVPMeasurementMetadata></waterml:metadata></waterml:MeasurementTVP></waterml:point><waterml:point><waterml:MeasurementTVP><waterml:time>1971-06-04T12:00:00+01:00</waterml:time><waterml:value uom="m">7.140</waterml:value><waterml:metadata><waterml:TVPMeasurementMetadata><waterml:qualifier><swe:Category><swe:codeSpace xlink:href="urn:bro:gld:StatusQualityControl"/><swe:value>onbekend</swe:value></swe:Category></waterml:qualifier><waterml:interpolationType xlink:href="http://www.opengis.net/def/waterml/2.0/interpolationType/Discontinuous"/></waterml:TVPMeasurementMetadata></waterml:metadata></waterml:MeasurementTVP></waterml:point><waterml:point><waterml:MeasurementTVP><waterml:time>1971-06-10T12:00:00+01:00</waterml:time><waterml:value uom="m">7.160</waterml:value><waterml:metadata><waterml:TVPMeasurementMetadata><waterml:qualifier><swe:Category><swe:codeSpace xlink:href="urn:bro:gld:StatusQualityControl"/><swe:value>onbekend</swe:value></swe:Category></waterml:qualifier><waterml:interpolationType xlink:href="http://www.opengis.net/def/waterml/2.0/interpolationType/Discontinuous"/></waterml:TVPMeasurementMetadata></waterml:metadata></waterml:MeasurementTVP></waterml:point><waterml:point><waterml:MeasurementTVP><waterml:time>1971-06-17T12:00:00+01:00</waterml:time><waterml:value uom="m">7.200</waterml:value><waterml:metadata><waterml:TVPMeasurementMetadata><waterml:qualifier><swe:Category><swe:codeSpace xlink:href="urn:bro:gld:StatusQualityControl"/><swe:value>onbekend</swe:value></swe:Category></waterml:qualifier><waterml:interpolationType xlink:href="http://www.opengis.net/def/waterml/2.0/interpolationType/Discontinuous"/></waterml:TVPMeasurementMetadata></waterml:metadata></waterml:MeasurementTVP></waterml:point><waterml:point><waterml:MeasurementTVP><waterml:time>1971-06-25T12:00:00+01:00</waterml:time><waterml:value uom="m">7.170</waterml:value><waterml:metadata><waterml:TVPMeasurementMetadata><waterml:qualifier><swe:Category><swe:codeSpace xlink:href="urn:bro:gld:StatusQualityControl"/><swe:value>onbekend</swe:value></swe:Category></waterml:qualifier><waterml:interpolationType xlink:href="http://www.opengis.net/def/waterml/2.0/interpolationType/Discontinuous"/></waterml:TVPMeasurementMetadata></waterml:metadata></waterml:MeasurementTVP></waterml:point><waterml:point><waterml:MeasurementTVP><waterml:time>1971-07-09T12:00:00+01:00</waterml:time><waterml:value uom="m">7.030</waterml:value><waterml:metadata><waterml:TVPMeasurementMetadata><waterml:qualifier><swe:Category><swe:codeSpace xlink:href="urn:bro:gld:StatusQualityControl"/><swe:value>onbekend</swe:value></swe:Category></waterml:qualifier><waterml:interpolationType xlink:href="http://www.opengis.net/def/waterml/2.0/interpolationType/Discontinuous"/></waterml:TVPMeasurementMetadata></waterml:metadata></waterml:MeasurementTVP></waterml:point><waterml:point><waterml:MeasurementTVP><waterml:time>1971-07-16T12:00:00+01:00</waterml:time><waterml:value uom="m">6.930</waterml:value><waterml:metadata><waterml:TVPMeasurementMetadata><waterml:qualifier><swe:Category><swe:codeSpace xlink:href="urn:bro:gld:StatusQualityControl"/><swe:value>onbekend</swe:value></swe:Category></waterml:qualifier><waterml:interpolationType xlink:href="http://www.opengis.net/def/waterml/2.0/interpolationType/Discontinuous"/></waterml:TVPMeasurementMetadata></waterml:metadata></waterml:MeasurementTVP></waterml:point><waterml:point><waterml:MeasurementTVP><waterml:time>1971-07-23T12:00:00+01:00</waterml:time><waterml:value uom="m">6.870</waterml:value><waterml:metadata><waterml:TVPMeasurementMetadata><waterml:qualifier><swe:Category><swe:codeSpace xlink:href="urn:bro:gld:StatusQualityControl"/><swe:value>onbekend</swe:value></swe:Category></waterml:qualifier><waterml:interpolationType xlink:href="http://www.opengis.net/def/waterml/2.0/interpolationType/Discontinuous"/></waterml:TVPMeasurementMetadata></waterml:metadata></waterml:MeasurementTVP></waterml:point><waterml:point><waterml:MeasurementTVP><waterml:time>1971-08-11T12:00:00+01:00</waterml:time><waterml:value uom="m">6.780</waterml:value><waterml:metadata><waterml:TVPMeasurementMetadata><waterml:qualifier><swe:Category><swe:codeSpace xlink:href="urn:bro:gld:StatusQualityControl"/><swe:value>onbekend</swe:value></swe:Category></waterml:qualifier><waterml:interpolationType xlink:href="http://www.opengis.net/def/waterml/2.0/interpolationType/Discontinuous"/></waterml:TVPMeasurementMetadata></waterml:metadata></waterml:MeasurementTVP></waterml:point><waterml:point><waterml:MeasurementTVP><waterml:time>1971-08-20T12:00:00+01:00</waterml:time><waterml:value uom="m">6.680</waterml:value><waterml:metadata><waterml:TVPMeasurementMetadata><waterml:qualifier><swe:Category><swe:codeSpace xlink:href="urn:bro:gld:StatusQualityControl"/><swe:value>onbekend</swe:value></swe:Category></waterml:qualifier><waterml:interpolationType xlink:href="http://www.opengis.net/def/waterml/2.0/interpolationType/Discontinuous"/></waterml:TVPMeasurementMetadata></waterml:metadata></waterml:MeasurementTVP></waterml:point><waterml:point><waterml:MeasurementTVP><waterml:time>1971-08-27T12:00:00+01:00</waterml:time><waterml:value uom="m">6.590</waterml:value><waterml:metadata><waterml:TVPMeasurementMetadata><waterml:qualifier><swe:Category><swe:codeSpace xlink:href="urn:bro:gld:StatusQualityControl"/><swe:value>onbekend</swe:value></swe:Category></waterml:qualifier><waterml:interpolationType xlink:href="http://www.opengis.net/def/waterml/2.0/interpolationType/Discontinuous"/></waterml:TVPMeasurementMetadata></waterml:metadata></waterml:MeasurementTVP></waterml:point><waterml:point><waterml:MeasurementTVP><waterml:time>1971-09-02T12:00:00+01:00</waterml:time><waterml:value uom="m">6.500</waterml:value><waterml:metadata><waterml:TVPMeasurementMetadata><waterml:qualifier><swe:Category><swe:codeSpace xlink:href="urn:bro:gld:StatusQualityControl"/><swe:value>onbekend</swe:value></swe:Category></waterml:qualifier><waterml:interpolationType xlink:href="http://www.opengis.net/def/waterml/2.0/interpolationType/Discontinuous"/></waterml:TVPMeasurementMetadata></waterml:metadata></waterml:MeasurementTVP></waterml:point><waterml:point><waterml:MeasurementTVP><waterml:time>1971-09-08T12:00:00+01:00</waterml:time><waterml:value uom="m">6.490</waterml:value><waterml:metadata><waterml:TVPMeasurementMetadata><waterml:qualifier><swe:Category><swe:codeSpace xlink:href="urn:bro:gld:StatusQualityControl"/><swe:value>onbekend</swe:value></swe:Category></waterml:qualifier><waterml:interpolationType xlink:href="http://www.opengis.net/def/waterml/2.0/interpolationType/Discontinuous"/></waterml:TVPMeasurementMetadata></waterml:metadata></waterml:MeasurementTVP></waterml:point><waterml:point><waterml:MeasurementTVP><waterml:time>1971-09-16T12:00:00+01:00</waterml:time><waterml:value uom="m">6.460</waterml:value><waterml:metadata><waterml:TVPMeasurementMetadata><waterml:qualifier><swe:Category><swe:codeSpace xlink:href="urn:bro:gld:StatusQualityControl"/><swe:value>onbekend</swe:value></swe:Category></waterml:qualifier><waterml:interpolationType xlink:href="http://www.opengis.net/def/waterml/2.0/interpolationType/Discontinuous"/></waterml:TVPMeasurementMetadata></waterml:metadata></waterml:MeasurementTVP></waterml:point><waterml:point><waterml:MeasurementTVP><waterml:time>1971-09-24T12:00:00+01:00</waterml:time><waterml:value uom="m">6.430</waterml:value><waterml:metadata><waterml:TVPMeasurementMetadata><waterml:qualifier><swe:Category><swe:codeSpace xlink:href="urn:bro:gld:StatusQualityControl"/><swe:value>onbekend</swe:value></swe:Category></waterml:qualifier><waterml:interpolationType xlink:href="http://www.opengis.net/def/waterml/2.0/interpolationType/Discontinuous"/></waterml:TVPMeasurementMetadata></waterml:metadata></waterml:MeasurementTVP></waterml:point><waterml:point><waterml:MeasurementTVP><waterml:time>1971-09-30T12:00:00+01:00</waterml:time><waterml:value uom="m">6.420</waterml:value><waterml:metadata><waterml:TVPMeasurementMetadata><waterml:qualifier><swe:Category><swe:codeSpace xlink:href="urn:bro:gld:StatusQualityControl"/><swe:value>onbekend</swe:value></swe:Category></waterml:qualifier><waterml:interpolationType xlink:href="http://www.opengis.net/def/waterml/2.0/interpolationType/Discontinuous"/></waterml:TVPMeasurementMetadata></waterml:metadata></waterml:MeasurementTVP></waterml:point><waterml:point><waterml:MeasurementTVP><waterml:time>1971-10-07T12:00:00+01:00</waterml:time><waterml:value uom="m">6.400</waterml:value><waterml:metadata><waterml:TVPMeasurementMetadata><waterml:qualifier><swe:Category><swe:codeSpace xlink:href="urn:bro:gld:StatusQualityControl"/><swe:value>onbekend</swe:value></swe:Category></waterml:qualifier><waterml:interpolationType xlink:href="http://www.opengis.net/def/waterml/2.0/interpolationType/Discontinuous"/></waterml:TVPMeasurementMetadata></waterml:metadata></waterml:MeasurementTVP></waterml:point><waterml:point><waterml:MeasurementTVP><waterml:time>1971-10-14T12:00:00+01:00</waterml:time><waterml:value uom="m">6.400</waterml:value><waterml:metadata><waterml:TVPMeasurementMetadata><waterml:qualifier><swe:Category><swe:codeSpace xlink:href="urn:bro:gld:StatusQualityControl"/><swe:value>onbekend</swe:value></swe:Category></waterml:qualifier><waterml:interpolationType xlink:href="http://www.opengis.net/def/waterml/2.0/interpolationType/Discontinuous"/></waterml:TVPMeasurementMetadata></waterml:metadata></waterml:MeasurementTVP></waterml:point><waterml:point><waterml:MeasurementTVP><waterml:time>1971-10-21T12:00:00+01:00</waterml:time><waterml:value uom="m">6.380</waterml:value><waterml:metadata><waterml:TVPMeasurementMetadata><waterml:qualifier><swe:Category><swe:codeSpace xlink:href="urn:bro:gld:StatusQualityControl"/><swe:value>onbekend</swe:value></swe:Category></waterml:qualifier><waterml:interpolationType xlink:href="http://www.opengis.net/def/waterml/2.0/interpolationType/Discontinuous"/></waterml:TVPMeasurementMetadata></waterml:metadata></waterml:MeasurementTVP></waterml:point><waterml:point><waterml:MeasurementTVP><waterml:time>1971-10-28T12:00:00+01:00</waterml:time><waterml:value uom="m">6.360</waterml:value><waterml:metadata><waterml:TVPMeasurementMetadata><waterml:qualifier><swe:Category><swe:codeSpace xlink:href="urn:bro:gld:StatusQualityControl"/><swe:value>onbekend</swe:value></swe:Category></waterml:qualifier><waterml:interpolationType xlink:href="http://www.opengis.net/def/waterml/2.0/interpolationType/Discontinuous"/></waterml:TVPMeasurementMetadata></waterml:metadata></waterml:MeasurementTVP></waterml:point><waterml:point><waterml:MeasurementTVP><waterml:time>1971-11-03T12:00:00+01:00</waterml:time><waterml:value uom="m">6.360</waterml:value><waterml:metadata><waterml:TVPMeasurementMetadata><waterml:qualifier><swe:Category><swe:codeSpace xlink:href="urn:bro:gld:StatusQualityControl"/><swe:value>onbekend</swe:value></swe:Category></waterml:qualifier><waterml:interpolationType xlink:href="http://www.opengis.net/def/waterml/2.0/interpolationType/Discontinuous"/></waterml:TVPMeasurementMetadata></waterml:metadata></waterml:MeasurementTVP></waterml:point><waterml:point><waterml:MeasurementTVP><waterml:time>1971-11-12T12:00:00+01:00</waterml:time><waterml:value uom="m">6.350</waterml:value><waterml:metadata><waterml:TVPMeasurementMetadata><waterml:qualifier><swe:Category><swe:codeSpace xlink:href="urn:bro:gld:StatusQualityControl"/><swe:value>onbekend</swe:value></swe:Category></waterml:qualifier><waterml:interpolationType xlink:href="http://www.opengis.net/def/waterml/2.0/interpolationType/Discontinuous"/></waterml:TVPMeasurementMetadata></waterml:metadata></waterml:MeasurementTVP></waterml:point><waterml:point><waterml:MeasurementTVP><waterml:time>1971-11-18T12:00:00+01:00</waterml:time><waterml:value uom="m">6.330</waterml:value><waterml:metadata><waterml:TVPMeasurementMetadata><waterml:qualifier><swe:Category><swe:codeSpace xlink:href="urn:bro:gld:StatusQualityControl"/><swe:value>onbekend</swe:value></swe:Category></waterml:qualifier><waterml:interpolationType xlink:href="http://www.opengis.net/def/waterml/2.0/interpolationType/Discontinuous"/></waterml:TVPMeasurementMetadata></waterml:metadata></waterml:MeasurementTVP></waterml:point><waterml:point><waterml:MeasurementTVP><waterml:time>1971-11-25T12:00:00+01:00</waterml:time><waterml:value uom="m">6.340</waterml:value><waterml:metadata><waterml:TVPMeasurementMetadata><waterml:qualifier><swe:Category><swe:codeSpace xlink:href="urn:bro:gld:StatusQualityControl"/><swe:value>onbekend</swe:value></swe:Category></waterml:qualifier><waterml:interpolationType xlink:href="http://www.opengis.net/def/waterml/2.0/interpolationType/Discontinuous"/></waterml:TVPMeasurementMetadata></waterml:metadata></waterml:MeasurementTVP></waterml:point><waterml:point><waterml:MeasurementTVP><waterml:time>1971-12-01T12:00:00+01:00</waterml:time><waterml:value uom="m">6.360</waterml:value><waterml:metadata><waterml:TVPMeasurementMetadata><waterml:qualifier><swe:Category><swe:codeSpace xlink:href="urn:bro:gld:StatusQualityControl"/><swe:value>onbekend</swe:value></swe:Category></waterml:qualifier><waterml:interpolationType xlink:href="http://www.opengis.net/def/waterml/2.0/interpolationType/Discontinuous"/></waterml:TVPMeasurementMetadata></waterml:metadata></waterml:MeasurementTVP></waterml:point><waterml:point><waterml:MeasurementTVP><waterml:time>1971-12-17T12:00:00+01:00</waterml:time><waterml:value uom="m">6.380</waterml:value><waterml:metadata><waterml:TVPMeasurementMetadata><waterml:qualifier><swe:Category><swe:codeSpace xlink:href="urn:bro:gld:StatusQualityControl"/><swe:value>onbekend</swe:value></swe:Category></waterml:qualifier><waterml:interpolationType xlink:href="http://www.opengis.net/def/waterml/2.0/interpolationType/Discontinuous"/></waterml:TVPMeasurementMetadata></waterml:metadata></waterml:MeasurementTVP></waterml:point><waterml:point><waterml:MeasurementTVP><waterml:time>1971-12-22T12:00:00+01:00</waterml:time><waterml:value uom="m">6.420</waterml:value><waterml:metadata><waterml:TVPMeasurementMetadata><waterml:qualifier><swe:Category><swe:codeSpace xlink:href="urn:bro:gld:StatusQualityControl"/><swe:value>onbekend</swe:value></swe:Category></waterml:qualifier><waterml:interpolationType xlink:href="http://www.opengis.net/def/waterml/2.0/interpolationType/Discontinuous"/></waterml:TVPMeasurementMetadata></waterml:metadata></waterml:MeasurementTVP></waterml:point><waterml:point><waterml:MeasurementTVP><waterml:time>1972-01-07T12:00:00+01:00</waterml:time><waterml:value uom="m">6.460</waterml:value><waterml:metadata><waterml:TVPMeasurementMetadata><waterml:qualifier><swe:Category><swe:codeSpace xlink:href="urn:bro:gld:StatusQualityControl"/><swe:value>onbekend</swe:value></swe:Category></waterml:qualifier><waterml:interpolationType xlink:href="http://www.opengis.net/def/waterml/2.0/interpolationType/Discontinuous"/></waterml:TVPMeasurementMetadata></waterml:metadata></waterml:MeasurementTVP></waterml:point><waterml:point><waterml:MeasurementTVP><waterml:time>1972-01-14T12:00:00+01:00</waterml:time><waterml:value uom="m">6.460</waterml:value><waterml:metadata><waterml:TVPMeasurementMetadata><waterml:qualifier><swe:Category><swe:codeSpace xlink:href="urn:bro:gld:StatusQualityControl"/><swe:value>onbekend</swe:value></swe:Category></waterml:qualifier><waterml:interpolationType xlink:href="http://www.opengis.net/def/waterml/2.0/interpolationType/Discontinuous"/></waterml:TVPMeasurementMetadata></waterml:metadata></waterml:MeasurementTVP></waterml:point><waterml:point><waterml:MeasurementTVP><waterml:time>1972-02-04T12:00:00+01:00</waterml:time><waterml:value uom="m">6.460</waterml:value><waterml:metadata><waterml:TVPMeasurementMetadata><waterml:qualifier><swe:Category><swe:codeSpace xlink:href="urn:bro:gld:StatusQualityControl"/><swe:value>onbekend</swe:value></swe:Category></waterml:qualifier><waterml:interpolationType xlink:href="http://www.opengis.net/def/waterml/2.0/interpolationType/Discontinuous"/></waterml:TVPMeasurementMetadata></waterml:metadata></waterml:MeasurementTVP></waterml:point><waterml:point><waterml:MeasurementTVP><waterml:time>1972-02-11T12:00:00+01:00</waterml:time><waterml:value uom="m">6.480</waterml:value><waterml:metadata><waterml:TVPMeasurementMetadata><waterml:qualifier><swe:Category><swe:codeSpace xlink:href="urn:bro:gld:StatusQualityControl"/><swe:value>onbekend</swe:value></swe:Category></waterml:qualifier><waterml:interpolationType xlink:href="http://www.opengis.net/def/waterml/2.0/interpolationType/Discontinuous"/></waterml:TVPMeasurementMetadata></waterml:metadata></waterml:MeasurementTVP></waterml:point><waterml:point><waterml:MeasurementTVP><waterml:time>1972-02-18T12:00:00+01:00</waterml:time><waterml:value uom="m">6.490</waterml:value><waterml:metadata><waterml:TVPMeasurementMetadata><waterml:qualifier><swe:Category><swe:codeSpace xlink:href="urn:bro:gld:StatusQualityControl"/><swe:value>onbekend</swe:value></swe:Category></waterml:qualifier><waterml:interpolationType xlink:href="http://www.opengis.net/def/waterml/2.0/interpolationType/Discontinuous"/></waterml:TVPMeasurementMetadata></waterml:metadata></waterml:MeasurementTVP></waterml:point><waterml:point><waterml:MeasurementTVP><waterml:time>1972-02-24T12:00:00+01:00</waterml:time><waterml:value uom="m">6.510</waterml:value><waterml:metadata><waterml:TVPMeasurementMetadata><waterml:qualifier><swe:Category><swe:codeSpace xlink:href="urn:bro:gld:StatusQualityControl"/><swe:value>onbekend</swe:value></swe:Category></waterml:qualifier><waterml:interpolationType xlink:href="http://www.opengis.net/def/waterml/2.0/interpolationType/Discontinuous"/></waterml:TVPMeasurementMetadata></waterml:metadata></waterml:MeasurementTVP></waterml:point><waterml:point><waterml:MeasurementTVP><waterml:time>1972-03-02T12:00:00+01:00</waterml:time><waterml:value uom="m">6.510</waterml:value><waterml:metadata><waterml:TVPMeasurementMetadata><waterml:qualifier><swe:Category><swe:codeSpace xlink:href="urn:bro:gld:StatusQualityControl"/><swe:value>onbekend</swe:value></swe:Category></waterml:qualifier><waterml:interpolationType xlink:href="http://www.opengis.net/def/waterml/2.0/interpolationType/Discontinuous"/></waterml:TVPMeasurementMetadata></waterml:metadata></waterml:MeasurementTVP></waterml:point><waterml:point><waterml:MeasurementTVP><waterml:time>1972-03-09T12:00:00+01:00</waterml:time><waterml:value uom="m">6.530</waterml:value><waterml:metadata><waterml:TVPMeasurementMetadata><waterml:qualifier><swe:Category><swe:codeSpace xlink:href="urn:bro:gld:StatusQualityControl"/><swe:value>onbekend</swe:value></swe:Category></waterml:qualifier><waterml:interpolationType xlink:href="http://www.opengis.net/def/waterml/2.0/interpolationType/Discontinuous"/></waterml:TVPMeasurementMetadata></waterml:metadata></waterml:MeasurementTVP></waterml:point><waterml:point><waterml:MeasurementTVP><waterml:time>1972-03-17T12:00:00+01:00</waterml:time><waterml:value uom="m">6.540</waterml:value><waterml:metadata><waterml:TVPMeasurementMetadata><waterml:qualifier><swe:Category><swe:codeSpace xlink:href="urn:bro:gld:StatusQualityControl"/><swe:value>onbekend</swe:value></swe:Category></waterml:qualifier><waterml:interpolationType xlink:href="http://www.opengis.net/def/waterml/2.0/interpolationType/Discontinuous"/></waterml:TVPMeasurementMetadata></waterml:metadata></waterml:MeasurementTVP></waterml:point><waterml:point><waterml:MeasurementTVP><waterml:time>1972-03-23T12:00:00+01:00</waterml:time><waterml:value uom="m">6.540</waterml:value><waterml:metadata><waterml:TVPMeasurementMetadata><waterml:qualifier><swe:Category><swe:codeSpace xlink:href="urn:bro:gld:StatusQualityControl"/><swe:value>onbekend</swe:value></swe:Category></waterml:qualifier><waterml:interpolationType xlink:href="http://www.opengis.net/def/waterml/2.0/interpolationType/Discontinuous"/></waterml:TVPMeasurementMetadata></waterml:metadata></waterml:MeasurementTVP></waterml:point><waterml:point><waterml:MeasurementTVP><waterml:time>1972-03-29T12:00:00+01:00</waterml:time><waterml:value uom="m">6.590</waterml:value><waterml:metadata><waterml:TVPMeasurementMetadata><waterml:qualifier><swe:Category><swe:codeSpace xlink:href="urn:bro:gld:StatusQualityControl"/><swe:value>onbekend</swe:value></swe:Category></waterml:qualifier><waterml:interpolationType xlink:href="http://www.opengis.net/def/waterml/2.0/interpolationType/Discontinuous"/></waterml:TVPMeasurementMetadata></waterml:metadata></waterml:MeasurementTVP></waterml:point><waterml:point><waterml:MeasurementTVP><waterml:time>1972-04-14T12:00:00+01:00</waterml:time><waterml:value uom="m">6.680</waterml:value><waterml:metadata><waterml:TVPMeasurementMetadata><waterml:qualifier><swe:Category><swe:codeSpace xlink:href="urn:bro:gld:StatusQualityControl"/><swe:value>onbekend</swe:value></swe:Category></waterml:qualifier><waterml:interpolationType xlink:href="http://www.opengis.net/def/waterml/2.0/interpolationType/Discontinuous"/></waterml:TVPMeasurementMetadata></waterml:metadata></waterml:MeasurementTVP></waterml:point><waterml:point><waterml:MeasurementTVP><waterml:time>1972-04-27T12:00:00+01:00</waterml:time><waterml:value uom="m">6.660</waterml:value><waterml:metadata><waterml:TVPMeasurementMetadata><waterml:qualifier><swe:Category><swe:codeSpace xlink:href="urn:bro:gld:StatusQualityControl"/><swe:value>onbekend</swe:value></swe:Category></waterml:qualifier><waterml:interpolationType xlink:href="http://www.opengis.net/def/waterml/2.0/interpolationType/Discontinuous"/></waterml:TVPMeasurementMetadata></waterml:metadata></waterml:MeasurementTVP></waterml:point><waterml:point><waterml:MeasurementTVP><waterml:time>1972-05-05T12:00:00+01:00</waterml:time><waterml:value uom="m">6.650</waterml:value><waterml:metadata><waterml:TVPMeasurementMetadata><waterml:qualifier><swe:Category><swe:codeSpace xlink:href="urn:bro:gld:StatusQualityControl"/><swe:value>onbekend</swe:value></swe:Category></waterml:qualifier><waterml:interpolationType xlink:href="http://www.opengis.net/def/waterml/2.0/interpolationType/Discontinuous"/></waterml:TVPMeasurementMetadata></waterml:metadata></waterml:MeasurementTVP></waterml:point><waterml:point><waterml:MeasurementTVP><waterml:time>1972-05-19T12:00:00+01:00</waterml:time><waterml:value uom="m">6.660</waterml:value><waterml:metadata><waterml:TVPMeasurementMetadata><waterml:qualifier><swe:Category><swe:codeSpace xlink:href="urn:bro:gld:StatusQualityControl"/><swe:value>onbekend</swe:value></swe:Category></waterml:qualifier><waterml:interpolationType xlink:href="http://www.opengis.net/def/waterml/2.0/interpolationType/Discontinuous"/></waterml:TVPMeasurementMetadata></waterml:metadata></waterml:MeasurementTVP></waterml:point><waterml:point><waterml:MeasurementTVP><waterml:time>1972-05-25T12:00:00+01:00</waterml:time><waterml:value uom="m">6.730</waterml:value><waterml:metadata><waterml:TVPMeasurementMetadata><waterml:qualifier><swe:Category><swe:codeSpace xlink:href="urn:bro:gld:StatusQualityControl"/><swe:value>onbekend</swe:value></swe:Category></waterml:qualifier><waterml:interpolationType xlink:href="http://www.opengis.net/def/waterml/2.0/interpolationType/Discontinuous"/></waterml:TVPMeasurementMetadata></waterml:metadata></waterml:MeasurementTVP></waterml:point><waterml:point><waterml:MeasurementTVP><waterml:time>1972-06-01T12:00:00+01:00</waterml:time><waterml:value uom="m">6.720</waterml:value><waterml:metadata><waterml:TVPMeasurementMetadata><waterml:qualifier><swe:Category><swe:codeSpace xlink:href="urn:bro:gld:StatusQualityControl"/><swe:value>onbekend</swe:value></swe:Category></waterml:qualifier><waterml:interpolationType xlink:href="http://www.opengis.net/def/waterml/2.0/interpolationType/Discontinuous"/></waterml:TVPMeasurementMetadata></waterml:metadata></waterml:MeasurementTVP></waterml:point><waterml:point><waterml:MeasurementTVP><waterml:time>1972-06-15T12:00:00+01:00</waterml:time><waterml:value uom="m">6.720</waterml:value><waterml:metadata><waterml:TVPMeasurementMetadata><waterml:qualifier><swe:Category><swe:codeSpace xlink:href="urn:bro:gld:StatusQualityControl"/><swe:value>onbekend</swe:value></swe:Category></waterml:qualifier><waterml:interpolationType xlink:href="http://www.opengis.net/def/waterml/2.0/interpolationType/Discontinuous"/></waterml:TVPMeasurementMetadata></waterml:metadata></waterml:MeasurementTVP></waterml:point><waterml:point><waterml:MeasurementTVP><waterml:time>1972-06-22T12:00:00+01:00</waterml:time><waterml:value uom="m">6.750</waterml:value><waterml:metadata><waterml:TVPMeasurementMetadata><waterml:qualifier><swe:Category><swe:codeSpace xlink:href="urn:bro:gld:StatusQualityControl"/><swe:value>onbekend</swe:value></swe:Category></waterml:qualifier><waterml:interpolationType xlink:href="http://www.opengis.net/def/waterml/2.0/interpolationType/Discontinuous"/></waterml:TVPMeasurementMetadata></waterml:metadata></waterml:MeasurementTVP></waterml:point><waterml:point><waterml:MeasurementTVP><waterml:time>1972-07-06T12:00:00+01:00</waterml:time><waterml:value uom="m">6.780</waterml:value><waterml:metadata><waterml:TVPMeasurementMetadata><waterml:qualifier><swe:Category><swe:codeSpace xlink:href="urn:bro:gld:StatusQualityControl"/><swe:value>onbekend</swe:value></swe:Category></waterml:qualifier><waterml:interpolationType xlink:href="http://www.opengis.net/def/waterml/2.0/interpolationType/Discontinuous"/></waterml:TVPMeasurementMetadata></waterml:metadata></waterml:MeasurementTVP></waterml:point><waterml:point><waterml:MeasurementTVP><waterml:time>1972-07-12T12:00:00+01:00</waterml:time><waterml:value uom="m">6.790</waterml:value><waterml:metadata><waterml:TVPMeasurementMetadata><waterml:qualifier><swe:Category><swe:codeSpace xlink:href="urn:bro:gld:StatusQualityControl"/><swe:value>onbekend</swe:value></swe:Category></waterml:qualifier><waterml:interpolationType xlink:href="http://www.opengis.net/def/waterml/2.0/interpolationType/Discontinuous"/></waterml:TVPMeasurementMetadata></waterml:metadata></waterml:MeasurementTVP></waterml:point><waterml:point><waterml:MeasurementTVP><waterml:time>1972-08-11T12:00:00+01:00</waterml:time><waterml:value uom="m">6.960</waterml:value><waterml:metadata><waterml:TVPMeasurementMetadata><waterml:qualifier><swe:Category><swe:codeSpace xlink:href="urn:bro:gld:StatusQualityControl"/><swe:value>onbekend</swe:value></swe:Category></waterml:qualifier><waterml:interpolationType xlink:href="http://www.opengis.net/def/waterml/2.0/interpolationType/Discontinuous"/></waterml:TVPMeasurementMetadata></waterml:metadata></waterml:MeasurementTVP></waterml:point><waterml:point><waterml:MeasurementTVP><waterml:time>1972-08-24T12:00:00+01:00</waterml:time><waterml:value uom="m">6.950</waterml:value><waterml:metadata><waterml:TVPMeasurementMetadata><waterml:qualifier><swe:Category><swe:codeSpace xlink:href="urn:bro:gld:StatusQualityControl"/><swe:value>onbekend</swe:value></swe:Category></waterml:qualifier><waterml:interpolationType xlink:href="http://www.opengis.net/def/waterml/2.0/interpolationType/Discontinuous"/></waterml:TVPMeasurementMetadata></waterml:metadata></waterml:MeasurementTVP></waterml:point><waterml:point><waterml:MeasurementTVP><waterml:time>1972-08-31T12:00:00+01:00</waterml:time><waterml:value uom="m">6.930</waterml:value><waterml:metadata><waterml:TVPMeasurementMetadata><waterml:qualifier><swe:Category><swe:codeSpace xlink:href="urn:bro:gld:StatusQualityControl"/><swe:value>onbekend</swe:value></swe:Category></waterml:qualifier><waterml:interpolationType xlink:href="http://www.opengis.net/def/waterml/2.0/interpolationType/Discontinuous"/></waterml:TVPMeasurementMetadata></waterml:metadata></waterml:MeasurementTVP></waterml:point></waterml:MeasurementTimeseries></om:result></om:OM_Observation></observation></GLD_O></dispatchDocument></dispatchDataResponse>